timestamp;buyer;seller;symbol;currency;price;quantity
1200;BOT_TAKER;SUBMISSION;EMERALDS;XIRECS;10007.0;7
2000;SUBMISSION;BOT_TAKER;EMERALDS;XIRECS;9993.0;5
3700;BOT_TAKER;BOT_MAKER;TOMATOES;XIRECS;5000.0;4
4100;SUBMISSION;BOT;EMERALDS;XIRECS;10000.0;8
4700;BOT;SUBMISSION;EMERALDS;XIRECS;10000.0;6
5200;BOT;SUBMISSION;EMERALDS;XIRECS;10000.0;10
5600;BOT;SUBMISSION;EMERALDS;XIRECS;10000.0;10
7700;BOT_TAKER;SUBMISSION;EMERALDS;XIRECS;10007.0;5
8000;SUBMISSION;BOT_TAKER;EMERALDS;XIRECS;9993.0;6
8100;BOT;SUBMISSION;EMERALDS;XIRECS;10000.0;8
8600;SUBMISSION;BOT_TAKER;TOMATOES;XIRECS;4993.0;3
8900;BOT;SUBMISSION;EMERALDS;XIRECS;10000.0;5
9600;BOT;SUBMISSION;EMERALDS;XIRECS;10000.0;10
12500;BOT;SUBMISSION;TOMATOES;XIRECS;5002.0;8
12900;SUBMISSION;BOT_TAKER;TOMATOES;XIRECS;4996.0;3
13800;SUBMISSION;BOT_TAKER;TOMATOES;XIRECS;4993.0;2
14000;SUBMISSION;BOT;TOMATOES;XIRECS;4996.0;8
14500;BOT_TAKER;SUBMISSION;TOMATOES;XIRECS;5005.0;3
14600;BOT_MAKER;BOT_TAKER;TOMATOES;XIRECS;4993.0;3
15000;SUBMISSION;BOT;EMERALDS;XIRECS;10000.0;7
15300;BOT_MAKER;BOT_TAKER;TOMATOES;XIRECS;4996.0;3
18600;BOT;SUBMISSION;TOMATOES;XIRECS;5003.0;10
18600;BOT_TAKER;SUBMISSION;TOMATOES;XIRECS;5008.0;4
22800;SUBMISSION;BOT_TAKER;TOMATOES;XIRECS;4998.0;2
24300;SUBMISSION;BOT;TOMATOES;XIRECS;5004.0;5
24800;SUBMISSION;BOT_TAKER;TOMATOES;XIRECS;4999.0;3
27200;BOT;SUBMISSION;EMERALDS;XIRECS;10000.0;7
27500;BOT_TAKER;SUBMISSION;EMERALDS;XIRECS;10007.0;3
27900;BOT_TAKER;BOT_MAKER;TOMATOES;XIRECS;5004.0;4
28700;SUBMISSION;BOT_TAKER;TOMATOES;XIRECS;4996.0;5
29100;BOT_TAKER;SUBMISSION;EMERALDS;XIRECS;10007.0;8
30000;SUBMISSION;BOT;EMERALDS;XIRECS;10000.0;8
30600;SUBMISSION;BOT;EMERALDS;XIRECS;10000.0;5
31200;SUBMISSION;BOT;EMERALDS;XIRECS;10000.0;5
32000;SUBMISSION;BOT_TAKER;EMERALDS;XIRECS;9993.0;5
32600;BOT_TAKER;SUBMISSION;TOMATOES;XIRECS;5003.0;5
33800;SUBMISSION;BOT_TAKER;EMERALDS;XIRECS;9993.0;7
34400;SUBMISSION;BOT_TAKER;TOMATOES;XIRECS;4991.0;5
34500;BOT_MAKER;BOT_TAKER;TOMATOES;XIRECS;4991.0;4
36600;SUBMISSION;BOT;EMERALDS;XIRECS;10000.0;5
36700;BOT_MAKER;BOT_TAKER;TOMATOES;XIRECS;4990.0;5
38100;BOT_TAKER;SUBMISSION;TOMATOES;XIRECS;5001.0;4
39600;BOT_TAKER;SUBMISSION;EMERALDS;XIRECS;10007.0;3
40400;SUBMISSION;BOT_TAKER;TOMATOES;XIRECS;4989.0;3
41200;BOT;SUBMISSION;TOMATOES;XIRECS;4997.0;3
42500;SUBMISSION;BOT;EMERALDS;XIRECS;10000.0;7
42500;SUBMISSION;BOT_TAKER;TOMATOES;XIRECS;4992.0;3
42600;SUBMISSION;BOT_TAKER;TOMATOES;XIRECS;4991.0;5
42800;SUBMISSION;BOT;EMERALDS;XIRECS;10000.0;5
43100;BOT;SUBMISSION;TOMATOES;XIRECS;4996.0;3
43400;BOT;SUBMISSION;TOMATOES;XIRECS;4997.0;5
44700;SUBMISSION;BOT;EMERALDS;XIRECS;10000.0;5
45000;SUBMISSION;BOT_TAKER;TOMATOES;XIRECS;4997.0;4
45500;BOT;SUBMISSION;TOMATOES;XIRECS;5001.0;6
45600;SUBMISSION;BOT;EMERALDS;XIRECS;10000.0;9
47400;BOT;SUBMISSION;EMERALDS;XIRECS;10000.0;6
47800;SUBMISSION;BOT;EMERALDS;XIRECS;10000.0;6
48000;BOT_TAKER;SUBMISSION;TOMATOES;XIRECS;5007.0;4
48100;BOT;SUBMISSION;EMERALDS;XIRECS;10000.0;10
48600;SUBMISSION;BOT;EMERALDS;XIRECS;10000.0;8
49400;BOT;SUBMISSION;EMERALDS;XIRECS;10000.0;9
50200;BOT_TAKER;BOT_MAKER;TOMATOES;XIRECS;5005.0;2
51300;SUBMISSION;BOT_TAKER;EMERALDS;XIRECS;9993.0;8
51500;BOT;SUBMISSION;EMERALDS;XIRECS;10000.0;5
54100;SUBMISSION;BOT_TAKER;TOMATOES;XIRECS;4994.0;3
54200;SUBMISSION;BOT_TAKER;TOMATOES;XIRECS;4995.0;4
54400;SUBMISSION;BOT_TAKER;EMERALDS;XIRECS;9993.0;7
54800;SUBMISSION;BOT;EMERALDS;XIRECS;10000.0;5
55200;BOT_TAKER;SUBMISSION;TOMATOES;XIRECS;5008.0;5
57900;SUBMISSION;BOT_TAKER;EMERALDS;XIRECS;9993.0;5
58800;BOT_TAKER;SUBMISSION;EMERALDS;XIRECS;10007.0;6
60000;BOT_TAKER;SUBMISSION;TOMATOES;XIRECS;5007.0;3
60900;BOT_TAKER;SUBMISSION;TOMATOES;XIRECS;5009.0;3
61800;SUBMISSION;BOT;EMERALDS;XIRECS;10000.0;6
62100;SUBMISSION;BOT;EMERALDS;XIRECS;10000.0;7
63700;BOT_TAKER;SUBMISSION;EMERALDS;XIRECS;10007.0;6
64200;BOT_TAKER;BOT_MAKER;TOMATOES;XIRECS;5009.0;2
64400;SUBMISSION;BOT;TOMATOES;XIRECS;5000.0;8
65400;BOT_TAKER;SUBMISSION;EMERALDS;XIRECS;10007.0;8
65600;BOT;SUBMISSION;EMERALDS;XIRECS;10000.0;8
65800;SUBMISSION;BOT;TOMATOES;XIRECS;4997.0;5
66200;SUBMISSION;BOT;EMERALDS;XIRECS;10000.0;5
66400;SUBMISSION;BOT_TAKER;EMERALDS;XIRECS;9993.0;6
66600;BOT_TAKER;SUBMISSION;EMERALDS;XIRECS;10007.0;5
68100;BOT_MAKER;BOT_TAKER;TOMATOES;XIRECS;4992.0;3
69000;BOT;SUBMISSION;EMERALDS;XIRECS;10000.0;7
69600;SUBMISSION;BOT_TAKER;EMERALDS;XIRECS;9993.0;6
70000;SUBMISSION;BOT_TAKER;TOMATOES;XIRECS;4990.0;4
71600;BOT_TAKER;SUBMISSION;TOMATOES;XIRECS;5004.0;5
72000;SUBMISSION;BOT_TAKER;TOMATOES;XIRECS;4993.0;2
72300;BOT_TAKER;SUBMISSION;TOMATOES;XIRECS;5004.0;5
73300;BOT;SUBMISSION;EMERALDS;XIRECS;10000.0;9
74000;SUBMISSION;BOT;EMERALDS;XIRECS;10000.0;6
75600;BOT;SUBMISSION;EMERALDS;XIRECS;10000.0;8
75800;SUBMISSION;BOT_TAKER;TOMATOES;XIRECS;4998.0;5
76500;BOT;SUBMISSION;TOMATOES;XIRECS;5002.0;2
76900;SUBMISSION;BOT;EMERALDS;XIRECS;10000.0;9
77000;SUBMISSION;BOT;EMERALDS;XIRECS;10000.0;10
77100;SUBMISSION;BOT_TAKER;EMERALDS;XIRECS;9993.0;7
77700;BOT_MAKER;BOT_TAKER;TOMATOES;XIRECS;4995.0;3
78600;BOT_MAKER;BOT_TAKER;TOMATOES;XIRECS;4995.0;4
78700;BOT_MAKER;BOT_TAKER;TOMATOES;XIRECS;4996.0;4
79200;BOT_TAKER;SUBMISSION;EMERALDS;XIRECS;10007.0;8
80300;BOT_TAKER;SUBMISSION;TOMATOES;XIRECS;5004.0;2
82300;SUBMISSION;BOT_TAKER;TOMATOES;XIRECS;4991.0;2
85300;SUBMISSION;BOT_TAKER;EMERALDS;XIRECS;9993.0;5
85400;SUBMISSION;BOT_TAKER;TOMATOES;XIRECS;4992.0;3
85600;BOT;SUBMISSION;EMERALDS;XIRECS;10000.0;9
85800;BOT_TAKER;SUBMISSION;TOMATOES;XIRECS;5003.0;3
87000;BOT_TAKER;SUBMISSION;TOMATOES;XIRECS;5002.0;2
89800;SUBMISSION;BOT_TAKER;TOMATOES;XIRECS;4987.0;5
90100;BOT;SUBMISSION;EMERALDS;XIRECS;10000.0;6
90300;BOT;SUBMISSION;TOMATOES;XIRECS;4991.0;2
90400;BOT_MAKER;BOT_TAKER;TOMATOES;XIRECS;4986.0;3
91800;BOT;SUBMISSION;EMERALDS;XIRECS;10000.0;7
92200;SUBMISSION;BOT_TAKER;EMERALDS;XIRECS;9993.0;8
92900;BOT;SUBMISSION;EMERALDS;XIRECS;10000.0;5
93000;BOT_TAKER;BOT_MAKER;TOMATOES;XIRECS;4993.0;2
93400;BOT_TAKER;SUBMISSION;TOMATOES;XIRECS;4998.0;5
94700;SUBMISSION;BOT_TAKER;TOMATOES;XIRECS;4988.0;3
95500;SUBMISSION;BOT;EMERALDS;XIRECS;10000.0;10
95700;BOT_TAKER;SUBMISSION;TOMATOES;XIRECS;4998.0;4
96600;SUBMISSION;BOT;EMERALDS;XIRECS;10000.0;5
97500;BOT_MAKER;BOT_TAKER;TOMATOES;XIRECS;4994.0;3
98100;BOT;SUBMISSION;EMERALDS;XIRECS;10000.0;7
99000;SUBMISSION;BOT_TAKER;EMERALDS;XIRECS;9993.0;4
100300;BOT;SUBMISSION;EMERALDS;XIRECS;10000.0;6
100500;BOT;SUBMISSION;EMERALDS;XIRECS;10000.0;7
101800;SUBMISSION;BOT_TAKER;TOMATOES;XIRECS;4989.0;4
102600;SUBMISSION;BOT_TAKER;EMERALDS;XIRECS;9993.0;8
103300;BOT;SUBMISSION;EMERALDS;XIRECS;10000.0;6
104400;BOT_TAKER;SUBMISSION;TOMATOES;XIRECS;4999.0;3
105100;SUBMISSION;BOT;EMERALDS;XIRECS;10000.0;8
105500;SUBMISSION;BOT;EMERALDS;XIRECS;10000.0;8
107000;SUBMISSION;BOT;EMERALDS;XIRECS;10000.0;8
108000;SUBMISSION;BOT_TAKER;TOMATOES;XIRECS;4989.0;3
108700;BOT_MAKER;BOT_TAKER;TOMATOES;XIRECS;4989.0;5
109800;SUBMISSION;BOT;EMERALDS;XIRECS;10000.0;5
110700;BOT;SUBMISSION;EMERALDS;XIRECS;10000.0;8
110700;SUBMISSION;BOT_TAKER;TOMATOES;XIRECS;4987.0;2
112100;SUBMISSION;BOT;EMERALDS;XIRECS;10000.0;5
112800;BOT;SUBMISSION;TOMATOES;XIRECS;4991.0;2
113500;SUBMISSION;BOT_TAKER;EMERALDS;XIRECS;9993.0;3
114000;SUBMISSION;BOT_TAKER;EMERALDS;XIRECS;9993.0;5
116100;BOT_TAKER;SUBMISSION;EMERALDS;XIRECS;10007.0;4
116800;BOT;SUBMISSION;EMERALDS;XIRECS;10000.0;10
118200;SUBMISSION;BOT_TAKER;TOMATOES;XIRECS;4987.0;3
118600;BOT_TAKER;SUBMISSION;EMERALDS;XIRECS;10007.0;4
119800;BOT_TAKER;SUBMISSION;EMERALDS;XIRECS;10007.0;6
122100;BOT_MAKER;BOT_TAKER;TOMATOES;XIRECS;4991.0;3
122900;BOT_TAKER;SUBMISSION;EMERALDS;XIRECS;10007.0;8
123400;SUBMISSION;BOT;EMERALDS;XIRECS;10000.0;5
124100;BOT;SUBMISSION;EMERALDS;XIRECS;10000.0;10
124300;BOT_TAKER;SUBMISSION;TOMATOES;XIRECS;5004.0;4
124800;BOT_TAKER;SUBMISSION;TOMATOES;XIRECS;5003.0;2
128000;BOT_TAKER;SUBMISSION;EMERALDS;XIRECS;10007.0;5
129200;SUBMISSION;BOT_TAKER;TOMATOES;XIRECS;4990.0;3
130100;BOT_TAKER;SUBMISSION;TOMATOES;XIRECS;5002.0;3
130700;BOT_TAKER;SUBMISSION;EMERALDS;XIRECS;10007.0;3
131500;BOT_TAKER;SUBMISSION;TOMATOES;XIRECS;5005.0;4
131600;BOT_TAKER;SUBMISSION;TOMATOES;XIRECS;5005.0;5
131700;SUBMISSION;BOT;TOMATOES;XIRECS;4998.0;11
132400;BOT;SUBMISSION;TOMATOES;XIRECS;5002.0;8
132800;SUBMISSION;BOT;TOMATOES;XIRECS;5000.0;6
132900;SUBMISSION;BOT_TAKER;TOMATOES;XIRECS;4994.0;3
135200;SUBMISSION;BOT;EMERALDS;XIRECS;10000.0;10
136900;BOT_TAKER;SUBMISSION;EMERALDS;XIRECS;10007.0;3
138500;BOT_MAKER;BOT_TAKER;TOMATOES;XIRECS;4992.0;3
138600;BOT;SUBMISSION;TOMATOES;XIRECS;4999.0;6
138800;BOT;SUBMISSION;EMERALDS;XIRECS;10000.0;7
138800;SUBMISSION;BOT;TOMATOES;XIRECS;4997.0;6
139700;BOT_TAKER;SUBMISSION;TOMATOES;XIRECS;5003.0;2
139900;BOT;SUBMISSION;EMERALDS;XIRECS;10000.0;9
140200;SUBMISSION;BOT_TAKER;TOMATOES;XIRECS;4991.0;2
141600;BOT_MAKER;BOT_TAKER;TOMATOES;XIRECS;4994.0;3
141600;BOT_MAKER;BOT_TAKER;TOMATOES;XIRECS;4990.0;1
141800;BOT_TAKER;SUBMISSION;TOMATOES;XIRECS;5003.0;2
142200;BOT;SUBMISSION;EMERALDS;XIRECS;10000.0;9
142200;SUBMISSION;BOT_TAKER;EMERALDS;XIRECS;9999.0;6
143800;SUBMISSION;BOT_TAKER;EMERALDS;XIRECS;9993.0;6
145700;BOT_TAKER;SUBMISSION;TOMATOES;XIRECS;4999.0;4
146400;SUBMISSION;BOT_TAKER;TOMATOES;XIRECS;4986.0;4
147900;BOT_TAKER;SUBMISSION;TOMATOES;XIRECS;4998.0;2
149000;SUBMISSION;BOT_TAKER;TOMATOES;XIRECS;4986.0;3
149600;BOT;SUBMISSION;EMERALDS;XIRECS;10000.0;7
151200;BOT;SUBMISSION;TOMATOES;XIRECS;4994.0;5
151900;BOT_TAKER;SUBMISSION;TOMATOES;XIRECS;4998.0;4
152600;SUBMISSION;BOT_TAKER;TOMATOES;XIRECS;4986.0;3
152700;BOT_TAKER;SUBMISSION;EMERALDS;XIRECS;10007.0;5
152800;SUBMISSION;BOT_TAKER;TOMATOES;XIRECS;4987.0;2
152900;BOT_TAKER;SUBMISSION;EMERALDS;XIRECS;10007.0;4
155100;SUBMISSION;BOT_TAKER;TOMATOES;XIRECS;4984.0;3
155300;SUBMISSION;BOT;TOMATOES;XIRECS;4986.0;9
155900;BOT_TAKER;SUBMISSION;TOMATOES;XIRECS;4994.0;2
156100;BOT_TAKER;SUBMISSION;EMERALDS;XIRECS;10007.0;7
156500;BOT;SUBMISSION;EMERALDS;XIRECS;10000.0;8
157100;BOT_TAKER;SUBMISSION;TOMATOES;XIRECS;4995.0;5
158400;BOT_TAKER;SUBMISSION;TOMATOES;XIRECS;4999.0;5
158800;SUBMISSION;BOT;EMERALDS;XIRECS;10000.0;8
160000;BOT;SUBMISSION;EMERALDS;XIRECS;10000.0;9
163500;BOT_TAKER;SUBMISSION;TOMATOES;XIRECS;4995.0;2
164900;SUBMISSION;BOT;EMERALDS;XIRECS;10000.0;8
166200;SUBMISSION;BOT_TAKER;TOMATOES;XIRECS;4979.0;2
166500;SUBMISSION;BOT;TOMATOES;XIRECS;4984.0;2
166800;SUBMISSION;BOT;EMERALDS;XIRECS;10000.0;6
169400;SUBMISSION;BOT_TAKER;EMERALDS;XIRECS;9993.0;5
170900;SUBMISSION;BOT_TAKER;EMERALDS;XIRECS;9993.0;5
171800;BOT;SUBMISSION;EMERALDS;XIRECS;10000.0;8
173500;BOT_TAKER;SUBMISSION;TOMATOES;XIRECS;4984.0;2
174400;SUBMISSION;BOT_TAKER;EMERALDS;XIRECS;9993.0;5
178000;SUBMISSION;BOT_TAKER;EMERALDS;XIRECS;9993.0;8
178500;BOT_TAKER;SUBMISSION;TOMATOES;XIRECS;4983.0;5
178600;BOT_TAKER;BOT_MAKER;TOMATOES;XIRECS;4983.0;3
178900;SUBMISSION;BOT;TOMATOES;XIRECS;4976.0;3
178900;BOT_TAKER;SUBMISSION;EMERALDS;XIRECS;10007.0;4
179400;BOT_TAKER;BOT_MAKER;TOMATOES;XIRECS;4983.0;2
181600;BOT;SUBMISSION;EMERALDS;XIRECS;10000.0;10
182700;BOT_TAKER;SUBMISSION;EMERALDS;XIRECS;10007.0;4
183200;SUBMISSION;BOT_TAKER;TOMATOES;XIRECS;4965.0;2
184800;SUBMISSION;BOT_TAKER;TOMATOES;XIRECS;4965.0;2
185100;SUBMISSION;BOT;EMERALDS;XIRECS;10000.0;10
185300;BOT;SUBMISSION;EMERALDS;XIRECS;10000.0;6
188900;BOT_TAKER;SUBMISSION;EMERALDS;XIRECS;10007.0;3
189500;SUBMISSION;BOT_TAKER;TOMATOES;XIRECS;4966.0;5
190100;SUBMISSION;BOT_TAKER;EMERALDS;XIRECS;9993.0;8
190500;BOT;SUBMISSION;TOMATOES;XIRECS;4973.0;6
191700;SUBMISSION;BOT;EMERALDS;XIRECS;10000.0;5
192300;BOT_TAKER;BOT_MAKER;TOMATOES;XIRECS;4982.0;4
193400;SUBMISSION;BOT;EMERALDS;XIRECS;10000.0;5
193400;SUBMISSION;BOT_TAKER;TOMATOES;XIRECS;4972.0;3
193600;SUBMISSION;BOT_TAKER;EMERALDS;XIRECS;9993.0;6
196200;BOT;SUBMISSION;TOMATOES;XIRECS;4975.0;8
198900;BOT_TAKER;SUBMISSION;EMERALDS;XIRECS;10007.0;4
199600;BOT_TAKER;BOT_MAKER;TOMATOES;XIRECS;4981.0;2
199700;SUBMISSION;BOT_TAKER;EMERALDS;XIRECS;9993.0;5
199700;BOT_TAKER;BOT_MAKER;TOMATOES;XIRECS;4981.0;4
199800;BOT_TAKER;BOT_MAKER;TOMATOES;XIRECS;4981.0;5
200400;SUBMISSION;BOT;TOMATOES;XIRECS;4975.0;4
202100;BOT_TAKER;SUBMISSION;EMERALDS;XIRECS;10007.0;4
202200;SUBMISSION;BOT;EMERALDS;XIRECS;10000.0;7
204000;SUBMISSION;BOT_TAKER;TOMATOES;XIRECS;4964.0;5
205900;SUBMISSION;BOT_TAKER;TOMATOES;XIRECS;4964.0;2
205900;SUBMISSION;BOT_TAKER;TOMATOES;XIRECS;4964.0;3
206400;SUBMISSION;BOT;EMERALDS;XIRECS;10000.0;6
208000;BOT;SUBMISSION;TOMATOES;XIRECS;4970.0;9
209000;BOT_TAKER;SUBMISSION;TOMATOES;XIRECS;4973.0;5
212600;SUBMISSION;BOT_TAKER;EMERALDS;XIRECS;9993.0;8
213000;BOT_TAKER;BOT_MAKER;TOMATOES;XIRECS;4972.0;4
213300;SUBMISSION;BOT_TAKER;TOMATOES;XIRECS;4960.0;2
215600;SUBMISSION;BOT_TAKER;EMERALDS;XIRECS;9993.0;5
217700;SUBMISSION;BOT_TAKER;TOMATOES;XIRECS;4957.0;3
218000;SUBMISSION;BOT;EMERALDS;XIRECS;10000.0;10
218200;SUBMISSION;BOT_TAKER;EMERALDS;XIRECS;9993.0;4
219800;SUBMISSION;BOT;EMERALDS;XIRECS;10000.0;5
221100;SUBMISSION;BOT_TAKER;EMERALDS;XIRECS;9993.0;6
221400;SUBMISSION;BOT_TAKER;TOMATOES;XIRECS;4959.0;2
221500;BOT;SUBMISSION;EMERALDS;XIRECS;10000.0;9
223600;SUBMISSION;BOT;EMERALDS;XIRECS;10000.0;8
224700;SUBMISSION;BOT_TAKER;TOMATOES;XIRECS;4955.0;2
225000;BOT;SUBMISSION;TOMATOES;XIRECS;4963.0;5
227000;BOT_TAKER;SUBMISSION;TOMATOES;XIRECS;4967.0;5
227700;BOT;SUBMISSION;EMERALDS;XIRECS;10000.0;8
228300;SUBMISSION;BOT;EMERALDS;XIRECS;10000.0;5
228300;SUBMISSION;BOT;TOMATOES;XIRECS;4960.0;3
228600;SUBMISSION;BOT;EMERALDS;XIRECS;10000.0;8
229500;SUBMISSION;BOT;EMERALDS;XIRECS;10000.0;6
229600;BOT;SUBMISSION;EMERALDS;XIRECS;10000.0;6
229800;BOT_TAKER;BOT_MAKER;TOMATOES;XIRECS;4965.0;3
231300;SUBMISSION;BOT;TOMATOES;XIRECS;4963.0;8
232000;SUBMISSION;BOT_TAKER;EMERALDS;XIRECS;9993.0;5
232300;SUBMISSION;BOT;EMERALDS;XIRECS;10000.0;7
235200;BOT_TAKER;SUBMISSION;TOMATOES;XIRECS;4965.0;3
235700;BOT_TAKER;SUBMISSION;EMERALDS;XIRECS;10007.0;4
236100;SUBMISSION;BOT_TAKER;TOMATOES;XIRECS;4953.0;3
237000;SUBMISSION;BOT_TAKER;EMERALDS;XIRECS;9993.0;7
238600;SUBMISSION;BOT;EMERALDS;XIRECS;10000.0;7
240700;BOT;SUBMISSION;EMERALDS;XIRECS;10000.0;8
242000;BOT;SUBMISSION;EMERALDS;XIRECS;10000.0;7
242600;SUBMISSION;BOT_TAKER;TOMATOES;XIRECS;4954.0;3
242700;BOT_MAKER;BOT_TAKER;TOMATOES;XIRECS;4953.0;2
243500;BOT_TAKER;SUBMISSION;TOMATOES;XIRECS;4968.0;2
244500;SUBMISSION;BOT;EMERALDS;XIRECS;10000.0;8
245100;BOT;SUBMISSION;EMERALDS;XIRECS;10000.0;10
245300;BOT;SUBMISSION;TOMATOES;XIRECS;4960.0;3
245400;SUBMISSION;BOT_TAKER;EMERALDS;XIRECS;9993.0;4
246700;SUBMISSION;BOT_TAKER;TOMATOES;XIRECS;4955.0;3
249200;BOT;SUBMISSION;EMERALDS;XIRECS;10000.0;5
250600;BOT;SUBMISSION;EMERALDS;XIRECS;10000.0;5
250600;BOT;SUBMISSION;TOMATOES;XIRECS;4963.0;3
250600;BOT_TAKER;SUBMISSION;TOMATOES;XIRECS;4970.0;3
254200;SUBMISSION;BOT;TOMATOES;XIRECS;4961.0;2
255000;BOT;SUBMISSION;EMERALDS;XIRECS;10000.0;6
255500;BOT_TAKER;SUBMISSION;EMERALDS;XIRECS;10007.0;4
255600;SUBMISSION;BOT_TAKER;TOMATOES;XIRECS;4953.0;5
256500;BOT;SUBMISSION;EMERALDS;XIRECS;10000.0;10
256700;SUBMISSION;BOT;EMERALDS;XIRECS;10000.0;8
257000;SUBMISSION;BOT;EMERALDS;XIRECS;10000.0;7
259200;BOT;SUBMISSION;TOMATOES;XIRECS;4957.0;7
259800;BOT_MAKER;BOT_TAKER;TOMATOES;XIRECS;4957.0;3
259800;SUBMISSION;BOT_TAKER;TOMATOES;XIRECS;4955.0;2
260600;BOT;SUBMISSION;EMERALDS;XIRECS;10000.0;5
261100;SUBMISSION;BOT;EMERALDS;XIRECS;10000.0;7
261700;SUBMISSION;BOT_TAKER;TOMATOES;XIRECS;4954.0;2
262800;BOT_TAKER;SUBMISSION;TOMATOES;XIRECS;4967.0;2
266600;BOT_TAKER;SUBMISSION;EMERALDS;XIRECS;10007.0;8
268000;SUBMISSION;BOT;TOMATOES;XIRECS;4960.0;7
268300;SUBMISSION;BOT;EMERALDS;XIRECS;10000.0;9
268600;BOT_TAKER;SUBMISSION;TOMATOES;XIRECS;4966.0;2
268700;BOT;SUBMISSION;EMERALDS;XIRECS;10000.0;5
270200;BOT;SUBMISSION;TOMATOES;XIRECS;4961.0;4
271600;SUBMISSION;BOT_TAKER;EMERALDS;XIRECS;9993.0;5
272600;SUBMISSION;BOT;EMERALDS;XIRECS;10000.0;10
272700;BOT;SUBMISSION;EMERALDS;XIRECS;10000.0;6
272700;BOT_TAKER;SUBMISSION;TOMATOES;XIRECS;4964.0;2
273000;SUBMISSION;BOT_TAKER;EMERALDS;XIRECS;9993.0;5
273900;SUBMISSION;BOT;EMERALDS;XIRECS;10000.0;7
274400;BOT_TAKER;SUBMISSION;TOMATOES;XIRECS;4965.0;4
280100;SUBMISSION;BOT;TOMATOES;XIRECS;4962.0;7
280900;SUBMISSION;BOT_TAKER;TOMATOES;XIRECS;4956.0;5
281700;BOT_TAKER;SUBMISSION;TOMATOES;XIRECS;4967.0;4
281900;BOT;SUBMISSION;TOMATOES;XIRECS;4962.0;7
282500;BOT;SUBMISSION;EMERALDS;XIRECS;10000.0;6
283000;BOT_TAKER;SUBMISSION;EMERALDS;XIRECS;10007.0;6
283300;BOT;SUBMISSION;EMERALDS;XIRECS;10000.0;8
284800;BOT;SUBMISSION;EMERALDS;XIRECS;10000.0;8
287100;SUBMISSION;BOT_TAKER;EMERALDS;XIRECS;9993.0;3
287500;SUBMISSION;BOT_TAKER;EMERALDS;XIRECS;9993.0;5
288100;SUBMISSION;BOT;EMERALDS;XIRECS;10000.0;5
288200;SUBMISSION;BOT_TAKER;TOMATOES;XIRECS;4959.0;2
288800;SUBMISSION;BOT;EMERALDS;XIRECS;10000.0;5
291500;BOT_TAKER;SUBMISSION;TOMATOES;XIRECS;4974.0;4
291600;SUBMISSION;BOT;TOMATOES;XIRECS;4969.0;3
292400;BOT;SUBMISSION;EMERALDS;XIRECS;10000.0;6
293200;BOT_TAKER;SUBMISSION;TOMATOES;XIRECS;4972.0;3
293400;SUBMISSION;BOT_TAKER;TOMATOES;XIRECS;4961.0;2
293800;SUBMISSION;BOT_TAKER;EMERALDS;XIRECS;9993.0;3
294100;SUBMISSION;BOT;EMERALDS;XIRECS;10000.0;10
298300;BOT_TAKER;SUBMISSION;EMERALDS;XIRECS;10007.0;8
299600;BOT_TAKER;SUBMISSION;TOMATOES;XIRECS;4974.0;3
301000;BOT_TAKER;BOT_MAKER;TOMATOES;XIRECS;4974.0;2
301400;SUBMISSION;BOT_TAKER;TOMATOES;XIRECS;4961.0;2
301500;BOT_TAKER;SUBMISSION;TOMATOES;XIRECS;4973.0;5
303100;SUBMISSION;BOT_TAKER;TOMATOES;XIRECS;4959.0;4
303200;SUBMISSION;BOT_TAKER;TOMATOES;XIRECS;4959.0;2
304100;BOT;SUBMISSION;EMERALDS;XIRECS;10000.0;10
304200;SUBMISSION;BOT;TOMATOES;XIRECS;4963.0;6
305400;SUBMISSION;BOT_TAKER;TOMATOES;XIRECS;4959.0;3
306200;BOT_MAKER;BOT_TAKER;TOMATOES;XIRECS;4959.0;3
307500;BOT_MAKER;BOT_TAKER;TOMATOES;XIRECS;4961.0;4
308000;SUBMISSION;BOT_TAKER;EMERALDS;XIRECS;9993.0;6
310400;SUBMISSION;BOT;EMERALDS;XIRECS;10000.0;7
310600;BOT;SUBMISSION;EMERALDS;XIRECS;10000.0;6
310600;BOT_MAKER;BOT_TAKER;TOMATOES;XIRECS;4962.0;4
311300;BOT_MAKER;BOT_TAKER;TOMATOES;XIRECS;4963.0;2
315200;SUBMISSION;BOT_TAKER;EMERALDS;XIRECS;9993.0;5
315400;BOT_TAKER;SUBMISSION;TOMATOES;XIRECS;4973.0;5
316200;SUBMISSION;BOT;EMERALDS;XIRECS;10000.0;10
319100;SUBMISSION;BOT_TAKER;EMERALDS;XIRECS;9993.0;7
319500;BOT_TAKER;SUBMISSION;EMERALDS;XIRECS;10007.0;5
320600;BOT_TAKER;SUBMISSION;EMERALDS;XIRECS;10007.0;8
320700;BOT_TAKER;SUBMISSION;TOMATOES;XIRECS;4972.0;3
324900;BOT;SUBMISSION;EMERALDS;XIRECS;10000.0;6
325300;SUBMISSION;BOT;EMERALDS;XIRECS;10000.0;7
325800;SUBMISSION;BOT_TAKER;EMERALDS;XIRECS;9993.0;6
325800;SUBMISSION;BOT_TAKER;TOMATOES;XIRECS;4959.0;4
326100;SUBMISSION;BOT_TAKER;EMERALDS;XIRECS;9993.0;5
327500;SUBMISSION;BOT;EMERALDS;XIRECS;10000.0;5
328100;SUBMISSION;BOT_TAKER;TOMATOES;XIRECS;4960.0;4
328200;BOT_MAKER;BOT_TAKER;TOMATOES;XIRECS;4959.0;5
329400;BOT;SUBMISSION;TOMATOES;XIRECS;4967.0;5
330400;SUBMISSION;BOT_TAKER;TOMATOES;XIRECS;4964.0;3
331500;SUBMISSION;BOT_TAKER;TOMATOES;XIRECS;4965.0;3
332700;BOT;SUBMISSION;TOMATOES;XIRECS;4971.0;11
333500;SUBMISSION;BOT;TOMATOES;XIRECS;4970.0;5
334300;BOT_TAKER;SUBMISSION;TOMATOES;XIRECS;4979.0;2
335300;BOT_TAKER;SUBMISSION;EMERALDS;XIRECS;10007.0;6
336500;BOT_TAKER;SUBMISSION;TOMATOES;XIRECS;4978.0;2
336600;SUBMISSION;BOT_TAKER;EMERALDS;XIRECS;9993.0;4
337600;SUBMISSION;BOT_TAKER;EMERALDS;XIRECS;9993.0;6
337700;SUBMISSION;BOT;TOMATOES;XIRECS;4967.0;6
339100;SUBMISSION;BOT;EMERALDS;XIRECS;10000.0;6
340200;BOT_TAKER;SUBMISSION;TOMATOES;XIRECS;4974.0;4
341100;BOT_MAKER;BOT_TAKER;TOMATOES;XIRECS;4967.0;2
342000;SUBMISSION;BOT_TAKER;TOMATOES;XIRECS;4965.0;4
342500;BOT_TAKER;SUBMISSION;TOMATOES;XIRECS;4977.0;5
343500;BOT_TAKER;SUBMISSION;TOMATOES;XIRECS;4977.0;5
344100;SUBMISSION;BOT;TOMATOES;XIRECS;4970.0;8
345000;BOT;SUBMISSION;EMERALDS;XIRECS;10000.0;9
346400;BOT;SUBMISSION;EMERALDS;XIRECS;10000.0;7
347700;BOT_TAKER;SUBMISSION;TOMATOES;XIRECS;4984.0;3
347800;BOT_TAKER;SUBMISSION;TOMATOES;XIRECS;4984.0;2
348000;SUBMISSION;BOT;EMERALDS;XIRECS;10000.0;6
348000;BOT_TAKER;SUBMISSION;TOMATOES;XIRECS;4984.0;2
348200;SUBMISSION;BOT_TAKER;TOMATOES;XIRECS;4973.0;3
348700;BOT_TAKER;BOT_MAKER;TOMATOES;XIRECS;4983.0;4
349400;SUBMISSION;BOT_TAKER;TOMATOES;XIRECS;4970.0;2
350700;SUBMISSION;BOT_TAKER;TOMATOES;XIRECS;4969.0;3
351000;SUBMISSION;BOT;EMERALDS;XIRECS;10000.0;5
352200;BOT_TAKER;SUBMISSION;TOMATOES;XIRECS;4985.0;2
355800;BOT_TAKER;SUBMISSION;TOMATOES;XIRECS;4984.0;2
356900;SUBMISSION;BOT_TAKER;EMERALDS;XIRECS;9993.0;5
360100;BOT;SUBMISSION;EMERALDS;XIRECS;10000.0;10
364600;BOT_TAKER;SUBMISSION;TOMATOES;XIRECS;4976.0;4
365100;SUBMISSION;BOT;TOMATOES;XIRECS;4971.0;8
366000;BOT_MAKER;BOT_TAKER;TOMATOES;XIRECS;4968.0;5
366700;BOT_TAKER;SUBMISSION;EMERALDS;XIRECS;10007.0;4
367100;BOT;SUBMISSION;EMERALDS;XIRECS;10000.0;7
367200;BOT_TAKER;SUBMISSION;EMERALDS;XIRECS;10007.0;3
367700;BOT_TAKER;SUBMISSION;EMERALDS;XIRECS;10007.0;6
368400;BOT;SUBMISSION;EMERALDS;XIRECS;10000.0;9
369500;SUBMISSION;BOT_TAKER;EMERALDS;XIRECS;9993.0;6
371300;BOT_TAKER;SUBMISSION;TOMATOES;XIRECS;4977.0;3
371400;SUBMISSION;BOT;TOMATOES;XIRECS;4970.0;5
371900;SUBMISSION;BOT_TAKER;EMERALDS;XIRECS;9993.0;4
373100;BOT_TAKER;SUBMISSION;EMERALDS;XIRECS;10007.0;7
373600;SUBMISSION;BOT_TAKER;EMERALDS;XIRECS;9993.0;5
374100;BOT;SUBMISSION;TOMATOES;XIRECS;4971.0;5
374400;SUBMISSION;BOT;EMERALDS;XIRECS;10000.0;8
375600;SUBMISSION;BOT;EMERALDS;XIRECS;10000.0;5
379700;SUBMISSION;BOT;EMERALDS;XIRECS;10000.0;9
379900;BOT;SUBMISSION;EMERALDS;XIRECS;10000.0;6
380600;BOT;SUBMISSION;EMERALDS;XIRECS;10000.0;10
381000;BOT_TAKER;SUBMISSION;TOMATOES;XIRECS;4974.0;5
381600;SUBMISSION;BOT_TAKER;EMERALDS;XIRECS;9993.0;6
382200;SUBMISSION;BOT;EMERALDS;XIRECS;10000.0;9
382400;BOT;SUBMISSION;EMERALDS;XIRECS;10000.0;10
382700;BOT;SUBMISSION;EMERALDS;XIRECS;10000.0;7
384600;SUBMISSION;BOT;TOMATOES;XIRECS;4967.0;9
385700;BOT_TAKER;SUBMISSION;EMERALDS;XIRECS;10007.0;3
385800;BOT;SUBMISSION;EMERALDS;XIRECS;10000.0;6
385800;SUBMISSION;BOT_TAKER;TOMATOES;XIRECS;4964.0;5
387000;SUBMISSION;BOT;EMERALDS;XIRECS;10000.0;9
387100;BOT;SUBMISSION;EMERALDS;XIRECS;10000.0;5
388400;BOT_TAKER;SUBMISSION;TOMATOES;XIRECS;4974.0;2
388800;BOT_TAKER;SUBMISSION;TOMATOES;XIRECS;4972.0;5
390000;BOT_MAKER;BOT_TAKER;TOMATOES;XIRECS;4965.0;2
390400;SUBMISSION;BOT_TAKER;EMERALDS;XIRECS;9993.0;4
390700;SUBMISSION;BOT_TAKER;TOMATOES;XIRECS;4959.0;3
391300;BOT_MAKER;BOT_TAKER;TOMATOES;XIRECS;4965.0;2
394200;SUBMISSION;BOT;EMERALDS;XIRECS;10000.0;10
395300;BOT_TAKER;SUBMISSION;TOMATOES;XIRECS;4966.0;3
396600;BOT;SUBMISSION;TOMATOES;XIRECS;4964.0;7
398000;SUBMISSION;BOT;TOMATOES;XIRECS;4964.0;9
399100;SUBMISSION;BOT;EMERALDS;XIRECS;10000.0;6
400000;BOT_TAKER;SUBMISSION;TOMATOES;XIRECS;4972.0;3
401400;BOT_TAKER;SUBMISSION;TOMATOES;XIRECS;4970.0;5
403400;SUBMISSION;BOT_TAKER;EMERALDS;XIRECS;9993.0;4
405500;BOT_TAKER;SUBMISSION;EMERALDS;XIRECS;10007.0;6
405700;BOT;SUBMISSION;EMERALDS;XIRECS;10000.0;7
406100;SUBMISSION;BOT_TAKER;EMERALDS;XIRECS;9993.0;7
408500;SUBMISSION;BOT_TAKER;TOMATOES;XIRECS;4960.0;3
410200;SUBMISSION;BOT_TAKER;TOMATOES;XIRECS;4959.0;3
410900;BOT_TAKER;SUBMISSION;TOMATOES;XIRECS;4970.0;5
411200;BOT_TAKER;SUBMISSION;EMERALDS;XIRECS;10007.0;8
411300;BOT;SUBMISSION;EMERALDS;XIRECS;10000.0;6
413700;SUBMISSION;BOT_TAKER;EMERALDS;XIRECS;9993.0;5
415600;SUBMISSION;BOT;TOMATOES;XIRECS;4969.0;4
417400;SUBMISSION;BOT_TAKER;TOMATOES;XIRECS;4963.0;3
417600;BOT_TAKER;SUBMISSION;TOMATOES;XIRECS;4974.0;4
418100;BOT_TAKER;SUBMISSION;TOMATOES;XIRECS;4973.0;4
419500;BOT_TAKER;SUBMISSION;EMERALDS;XIRECS;10007.0;6
420200;SUBMISSION;BOT;EMERALDS;XIRECS;10000.0;7
421200;SUBMISSION;BOT_TAKER;TOMATOES;XIRECS;4962.0;5
423600;SUBMISSION;BOT_TAKER;TOMATOES;XIRECS;4959.0;3
425600;SUBMISSION;BOT_TAKER;EMERALDS;XIRECS;9993.0;6
426700;BOT_TAKER;SUBMISSION;TOMATOES;XIRECS;4968.0;5
427400;SUBMISSION;BOT_TAKER;TOMATOES;XIRECS;4958.0;5
430600;SUBMISSION;BOT;EMERALDS;XIRECS;10000.0;8
430700;SUBMISSION;BOT;EMERALDS;XIRECS;10000.0;9
431100;BOT_TAKER;SUBMISSION;TOMATOES;XIRECS;4962.0;5
431200;BOT_TAKER;BOT_MAKER;TOMATOES;XIRECS;4963.0;2
431300;SUBMISSION;BOT;EMERALDS;XIRECS;10000.0;7
432100;BOT;SUBMISSION;EMERALDS;XIRECS;10000.0;8
433400;SUBMISSION;BOT_TAKER;TOMATOES;XIRECS;4951.0;2
434700;BOT;SUBMISSION;EMERALDS;XIRECS;10000.0;6
434900;BOT_TAKER;SUBMISSION;TOMATOES;XIRECS;4960.0;2
435800;SUBMISSION;BOT_TAKER;TOMATOES;XIRECS;4949.0;5
436400;BOT;SUBMISSION;EMERALDS;XIRECS;10000.0;7
437400;BOT_MAKER;BOT_TAKER;TOMATOES;XIRECS;4947.0;4
437900;SUBMISSION;BOT_TAKER;EMERALDS;XIRECS;9993.0;8
439300;BOT;SUBMISSION;EMERALDS;XIRECS;10000.0;8
439700;SUBMISSION;BOT_TAKER;TOMATOES;XIRECS;4947.0;3
440700;BOT_MAKER;BOT_TAKER;TOMATOES;XIRECS;4948.0;3
442400;SUBMISSION;BOT;EMERALDS;XIRECS;10000.0;8
444200;BOT;SUBMISSION;EMERALDS;XIRECS;10000.0;10
444400;BOT_MAKER;BOT_TAKER;TOMATOES;XIRECS;4948.0;3
445100;BOT;SUBMISSION;TOMATOES;XIRECS;4953.0;2
445200;SUBMISSION;BOT_TAKER;TOMATOES;XIRECS;4950.0;2
445400;BOT;SUBMISSION;TOMATOES;XIRECS;4955.0;5
447400;SUBMISSION;BOT_TAKER;TOMATOES;XIRECS;4954.0;4
448000;BOT;SUBMISSION;EMERALDS;XIRECS;10000.0;6
448800;BOT_MAKER;BOT_TAKER;TOMATOES;XIRECS;4951.0;4
449300;SUBMISSION;BOT;EMERALDS;XIRECS;10000.0;7
450900;BOT_TAKER;SUBMISSION;EMERALDS;XIRECS;10007.0;4
453300;BOT_TAKER;SUBMISSION;TOMATOES;XIRECS;4970.0;2
453700;BOT;SUBMISSION;EMERALDS;XIRECS;10000.0;8
453800;SUBMISSION;BOT_TAKER;TOMATOES;XIRECS;4959.0;2
455200;BOT;SUBMISSION;EMERALDS;XIRECS;10000.0;6
455800;SUBMISSION;BOT_TAKER;EMERALDS;XIRECS;9993.0;4
457800;SUBMISSION;BOT_TAKER;TOMATOES;XIRECS;4960.0;3
458100;BOT_TAKER;SUBMISSION;TOMATOES;XIRECS;4970.0;3
459000;BOT_TAKER;SUBMISSION;TOMATOES;XIRECS;4971.0;4
459100;BOT;SUBMISSION;EMERALDS;XIRECS;10000.0;10
460500;SUBMISSION;BOT;EMERALDS;XIRECS;10000.0;8
461000;BOT_TAKER;SUBMISSION;EMERALDS;XIRECS;10007.0;8
461100;SUBMISSION;BOT;EMERALDS;XIRECS;10000.0;5
461400;BOT;SUBMISSION;EMERALDS;XIRECS;10000.0;10
466300;BOT_TAKER;SUBMISSION;EMERALDS;XIRECS;10007.0;3
466400;BOT_TAKER;SUBMISSION;TOMATOES;XIRECS;4973.0;5
467700;SUBMISSION;BOT;TOMATOES;XIRECS;4967.0;2
467800;SUBMISSION;BOT;EMERALDS;XIRECS;10000.0;6
469300;SUBMISSION;BOT_TAKER;EMERALDS;XIRECS;9993.0;8
470700;BOT_TAKER;SUBMISSION;TOMATOES;XIRECS;4972.0;5
471000;SUBMISSION;BOT;EMERALDS;XIRECS;10000.0;5
471400;SUBMISSION;BOT_TAKER;TOMATOES;XIRECS;4962.0;4
473000;SUBMISSION;BOT_TAKER;TOMATOES;XIRECS;4961.0;3
473500;SUBMISSION;BOT_TAKER;TOMATOES;XIRECS;4961.0;4
474200;BOT_TAKER;SUBMISSION;TOMATOES;XIRECS;4974.0;4
474300;BOT_TAKER;SUBMISSION;EMERALDS;XIRECS;10007.0;3
474700;BOT_TAKER;SUBMISSION;TOMATOES;XIRECS;4973.0;3
478600;SUBMISSION;BOT;EMERALDS;XIRECS;10000.0;7
478600;BOT_TAKER;SUBMISSION;TOMATOES;XIRECS;4968.0;4
478800;BOT_TAKER;BOT_MAKER;TOMATOES;XIRECS;4964.0;4
479400;SUBMISSION;BOT;TOMATOES;XIRECS;4962.0;3
479800;SUBMISSION;BOT;TOMATOES;XIRECS;4960.0;5
480300;SUBMISSION;BOT_TAKER;EMERALDS;XIRECS;9993.0;3
480600;BOT;SUBMISSION;EMERALDS;XIRECS;10000.0;9
481000;BOT_TAKER;SUBMISSION;TOMATOES;XIRECS;4967.0;2
481500;BOT;SUBMISSION;EMERALDS;XIRECS;10000.0;10
483100;SUBMISSION;BOT_TAKER;EMERALDS;XIRECS;9993.0;5
483200;SUBMISSION;BOT_TAKER;TOMATOES;XIRECS;4953.0;5
484600;BOT;SUBMISSION;TOMATOES;XIRECS;4957.0;2
484800;BOT_TAKER;SUBMISSION;TOMATOES;XIRECS;4963.0;5
485000;BOT_TAKER;BOT_MAKER;TOMATOES;XIRECS;4963.0;2
487000;BOT;SUBMISSION;EMERALDS;XIRECS;10000.0;6
487600;SUBMISSION;BOT_TAKER;TOMATOES;XIRECS;4952.0;3
489700;SUBMISSION;BOT_TAKER;TOMATOES;XIRECS;4954.0;3
490300;BOT;SUBMISSION;TOMATOES;XIRECS;4963.0;7
491700;BOT;SUBMISSION;EMERALDS;XIRECS;10000.0;8
491900;BOT;SUBMISSION;EMERALDS;XIRECS;10000.0;7
491900;SUBMISSION;BOT;TOMATOES;XIRECS;4961.0;8
492500;BOT_MAKER;BOT_TAKER;TOMATOES;XIRECS;4956.0;3
496300;BOT_TAKER;SUBMISSION;TOMATOES;XIRECS;4968.0;4
497100;BOT;SUBMISSION;EMERALDS;XIRECS;10000.0;8
497700;BOT;SUBMISSION;EMERALDS;XIRECS;10000.0;8
500000;BOT_TAKER;SUBMISSION;EMERALDS;XIRECS;10007.0;5
500400;BOT_TAKER;SUBMISSION;EMERALDS;XIRECS;10007.0;8
501800;SUBMISSION;BOT;EMERALDS;XIRECS;10000.0;8
502500;BOT;SUBMISSION;EMERALDS;XIRECS;10000.0;7
502600;BOT_TAKER;SUBMISSION;EMERALDS;XIRECS;10007.0;5
503900;BOT;SUBMISSION;EMERALDS;XIRECS;10000.0;6
504100;SUBMISSION;BOT;EMERALDS;XIRECS;10000.0;10
504900;SUBMISSION;BOT_TAKER;TOMATOES;XIRECS;4951.0;5
506600;SUBMISSION;BOT_TAKER;EMERALDS;XIRECS;9993.0;5
507200;BOT;SUBMISSION;TOMATOES;XIRECS;4954.0;8
509300;SUBMISSION;BOT_TAKER;TOMATOES;XIRECS;4948.0;3
509800;BOT;SUBMISSION;EMERALDS;XIRECS;10000.0;9
510600;BOT_TAKER;SUBMISSION;TOMATOES;XIRECS;4960.0;2
511000;SUBMISSION;BOT;EMERALDS;XIRECS;10000.0;9
513700;SUBMISSION;BOT_TAKER;TOMATOES;XIRECS;4949.0;3
515000;SUBMISSION;BOT;EMERALDS;XIRECS;10000.0;8
515800;SUBMISSION;BOT_TAKER;EMERALDS;XIRECS;9993.0;5
515800;SUBMISSION;BOT_TAKER;TOMATOES;XIRECS;4947.0;2
519200;BOT_TAKER;SUBMISSION;EMERALDS;XIRECS;10007.0;5
520200;SUBMISSION;BOT_TAKER;TOMATOES;XIRECS;4947.0;4
522100;SUBMISSION;BOT_TAKER;EMERALDS;XIRECS;9993.0;8
522600;BOT;SUBMISSION;TOMATOES;XIRECS;4951.0;5
523300;SUBMISSION;BOT;EMERALDS;XIRECS;10000.0;10
523300;BOT_TAKER;SUBMISSION;TOMATOES;XIRECS;4959.0;2
523500;BOT;SUBMISSION;EMERALDS;XIRECS;10000.0;9
524700;SUBMISSION;BOT_TAKER;EMERALDS;XIRECS;9993.0;6
525700;BOT_TAKER;SUBMISSION;EMERALDS;XIRECS;10007.0;5
525800;BOT_TAKER;SUBMISSION;TOMATOES;XIRECS;4958.0;3
526300;SUBMISSION;BOT_TAKER;EMERALDS;XIRECS;9993.0;4
526600;SUBMISSION;BOT;TOMATOES;XIRECS;4950.0;2
526700;SUBMISSION;BOT;TOMATOES;XIRECS;4947.0;5
527400;BOT_MAKER;BOT_TAKER;TOMATOES;XIRECS;4944.0;3
527900;BOT_MAKER;BOT_TAKER;TOMATOES;XIRECS;4944.0;3
530300;BOT_TAKER;SUBMISSION;TOMATOES;XIRECS;4955.0;2
531800;BOT;SUBMISSION;EMERALDS;XIRECS;10000.0;8
531800;BOT_TAKER;SUBMISSION;TOMATOES;XIRECS;4953.0;3
532900;BOT_TAKER;SUBMISSION;TOMATOES;XIRECS;4953.0;5
534200;SUBMISSION;BOT;EMERALDS;XIRECS;10000.0;8
536300;SUBMISSION;BOT;TOMATOES;XIRECS;4942.0;11
541100;BOT;SUBMISSION;EMERALDS;XIRECS;10000.0;6
541500;BOT_TAKER;BOT_MAKER;TOMATOES;XIRECS;4949.0;3
543000;BOT_MAKER;BOT_TAKER;TOMATOES;XIRECS;4939.0;3
543300;BOT;SUBMISSION;TOMATOES;XIRECS;4948.0;10
544700;BOT;SUBMISSION;EMERALDS;XIRECS;10000.0;8
544700;BOT_TAKER;BOT_MAKER;TOMATOES;XIRECS;4953.0;5
545500;SUBMISSION;BOT;TOMATOES;XIRECS;4948.0;2
545700;BOT_TAKER;SUBMISSION;TOMATOES;XIRECS;4953.0;5
546000;SUBMISSION;BOT_TAKER;TOMATOES;XIRECS;4942.0;2
547500;SUBMISSION;BOT_TAKER;TOMATOES;XIRECS;4943.0;3
547600;SUBMISSION;BOT;EMERALDS;XIRECS;10000.0;5
549800;SUBMISSION;BOT;TOMATOES;XIRECS;4950.0;3
551600;SUBMISSION;BOT_TAKER;TOMATOES;XIRECS;4943.0;3
553300;BOT;SUBMISSION;EMERALDS;XIRECS;10000.0;6
553700;BOT_TAKER;SUBMISSION;TOMATOES;XIRECS;4954.0;5
554100;SUBMISSION;BOT_TAKER;EMERALDS;XIRECS;9993.0;5
554100;SUBMISSION;BOT_TAKER;TOMATOES;XIRECS;4944.0;5
554900;SUBMISSION;BOT_TAKER;EMERALDS;XIRECS;9993.0;7
558400;SUBMISSION;BOT_TAKER;TOMATOES;XIRECS;4947.0;5
558600;BOT_MAKER;BOT_TAKER;TOMATOES;XIRECS;4945.0;2
559500;BOT_TAKER;SUBMISSION;EMERALDS;XIRECS;10007.0;3
559600;BOT_TAKER;SUBMISSION;TOMATOES;XIRECS;4960.0;4
561000;BOT;SUBMISSION;EMERALDS;XIRECS;10000.0;8
563200;BOT_TAKER;SUBMISSION;TOMATOES;XIRECS;4956.0;5
566700;SUBMISSION;BOT;EMERALDS;XIRECS;10000.0;10
569300;SUBMISSION;BOT_TAKER;TOMATOES;XIRECS;4941.0;2
570000;BOT;SUBMISSION;EMERALDS;XIRECS;10000.0;8
570100;SUBMISSION;BOT;EMERALDS;XIRECS;10000.0;8
570800;BOT;SUBMISSION;EMERALDS;XIRECS;10000.0;9
571100;SUBMISSION;BOT_TAKER;TOMATOES;XIRECS;4939.0;3
572300;SUBMISSION;BOT;EMERALDS;XIRECS;10000.0;6
575100;BOT_TAKER;SUBMISSION;TOMATOES;XIRECS;4946.0;5
581400;SUBMISSION;BOT_TAKER;TOMATOES;XIRECS;4936.0;5
581900;BOT_TAKER;SUBMISSION;EMERALDS;XIRECS;10007.0;3
582400;BOT_TAKER;SUBMISSION;TOMATOES;XIRECS;4943.0;5
582800;SUBMISSION;BOT;EMERALDS;XIRECS;10000.0;9
584800;SUBMISSION;BOT_TAKER;TOMATOES;XIRECS;4929.0;4
585200;BOT_TAKER;SUBMISSION;TOMATOES;XIRECS;4941.0;5
586900;SUBMISSION;BOT_TAKER;TOMATOES;XIRECS;4930.0;5
587800;SUBMISSION;BOT;EMERALDS;XIRECS;10000.0;9
588000;SUBMISSION;BOT_TAKER;TOMATOES;XIRECS;4930.0;4
592100;BOT;SUBMISSION;EMERALDS;XIRECS;10000.0;8
593200;BOT;SUBMISSION;EMERALDS;XIRECS;10000.0;7
594400;BOT;SUBMISSION;EMERALDS;XIRECS;10000.0;7
594400;SUBMISSION;BOT_TAKER;EMERALDS;XIRECS;9999.0;7
596300;BOT_TAKER;SUBMISSION;TOMATOES;XIRECS;4946.0;4
601000;BOT;SUBMISSION;EMERALDS;XIRECS;10000.0;9
602000;SUBMISSION;BOT_TAKER;TOMATOES;XIRECS;4935.0;2
602700;BOT_MAKER;BOT_TAKER;TOMATOES;XIRECS;4933.0;3
603100;BOT_TAKER;SUBMISSION;EMERALDS;XIRECS;10007.0;8
604300;BOT_MAKER;BOT_TAKER;TOMATOES;XIRECS;4934.0;4
604700;BOT_TAKER;SUBMISSION;EMERALDS;XIRECS;10007.0;5
605100;BOT;SUBMISSION;EMERALDS;XIRECS;10000.0;8
605300;BOT_MAKER;BOT_TAKER;TOMATOES;XIRECS;4935.0;3
606000;SUBMISSION;BOT_TAKER;EMERALDS;XIRECS;9993.0;5
606200;BOT_TAKER;SUBMISSION;TOMATOES;XIRECS;4947.0;5
608400;BOT_TAKER;SUBMISSION;EMERALDS;XIRECS;10007.0;6
608600;BOT;SUBMISSION;EMERALDS;XIRECS;10000.0;9
609200;BOT;SUBMISSION;EMERALDS;XIRECS;10000.0;6
609200;SUBMISSION;BOT_TAKER;EMERALDS;XIRECS;9999.0;8
609400;SUBMISSION;BOT_TAKER;TOMATOES;XIRECS;4933.0;3
609600;BOT_TAKER;BOT_MAKER;TOMATOES;XIRECS;4941.0;3
609600;BOT_TAKER;SUBMISSION;TOMATOES;XIRECS;4942.0;1
612500;SUBMISSION;BOT_TAKER;TOMATOES;XIRECS;4937.0;5
612800;BOT;SUBMISSION;TOMATOES;XIRECS;4942.0;6
612800;BOT_TAKER;SUBMISSION;TOMATOES;XIRECS;4948.0;2
613300;SUBMISSION;BOT_TAKER;TOMATOES;XIRECS;4937.0;4
616100;SUBMISSION;BOT_TAKER;TOMATOES;XIRECS;4933.0;2
617000;SUBMISSION;BOT_TAKER;EMERALDS;XIRECS;9993.0;7
617600;SUBMISSION;BOT_TAKER;EMERALDS;XIRECS;9993.0;6
617700;BOT;SUBMISSION;EMERALDS;XIRECS;10000.0;8
620000;BOT_TAKER;SUBMISSION;TOMATOES;XIRECS;4945.0;2
620600;BOT_TAKER;SUBMISSION;EMERALDS;XIRECS;10007.0;6
622700;SUBMISSION;BOT;EMERALDS;XIRECS;10000.0;5
625100;SUBMISSION;BOT_TAKER;TOMATOES;XIRECS;4934.0;2
625600;SUBMISSION;BOT_TAKER;EMERALDS;XIRECS;9993.0;4
625800;BOT_MAKER;BOT_TAKER;TOMATOES;XIRECS;4933.0;4
626900;SUBMISSION;BOT_TAKER;EMERALDS;XIRECS;9993.0;7
628600;BOT;SUBMISSION;EMERALDS;XIRECS;10000.0;9
628900;BOT;SUBMISSION;EMERALDS;XIRECS;10000.0;6
629900;BOT_TAKER;SUBMISSION;TOMATOES;XIRECS;4943.0;5
631100;BOT;SUBMISSION;EMERALDS;XIRECS;10000.0;5
631100;SUBMISSION;BOT_TAKER;EMERALDS;XIRECS;9999.0;8
631600;BOT_TAKER;SUBMISSION;TOMATOES;XIRECS;4942.0;2
633500;SUBMISSION;BOT;EMERALDS;XIRECS;10000.0;6
633600;SUBMISSION;BOT;EMERALDS;XIRECS;10000.0;8
637700;SUBMISSION;BOT_TAKER;TOMATOES;XIRECS;4926.0;5
639000;BOT;SUBMISSION;TOMATOES;XIRECS;4934.0;12
641400;SUBMISSION;BOT_TAKER;EMERALDS;XIRECS;9993.0;6
642300;BOT_TAKER;BOT_MAKER;TOMATOES;XIRECS;4938.0;2
642400;BOT;SUBMISSION;EMERALDS;XIRECS;10000.0;8
642600;SUBMISSION;BOT;EMERALDS;XIRECS;10000.0;8
642900;BOT_TAKER;BOT_MAKER;TOMATOES;XIRECS;4938.0;4
643200;BOT_TAKER;BOT_MAKER;TOMATOES;XIRECS;4939.0;3
643300;BOT_TAKER;SUBMISSION;EMERALDS;XIRECS;10007.0;7
644600;SUBMISSION;BOT_TAKER;TOMATOES;XIRECS;4928.0;3
645700;SUBMISSION;BOT_TAKER;TOMATOES;XIRECS;4929.0;2
646400;BOT_TAKER;SUBMISSION;TOMATOES;XIRECS;4939.0;2
649700;SUBMISSION;BOT_TAKER;TOMATOES;XIRECS;4926.0;3
649900;BOT;SUBMISSION;EMERALDS;XIRECS;10000.0;6
651400;SUBMISSION;BOT;TOMATOES;XIRECS;4932.0;2
651600;BOT_TAKER;SUBMISSION;TOMATOES;XIRECS;4938.0;5
653700;SUBMISSION;BOT;TOMATOES;XIRECS;4936.0;3
653800;SUBMISSION;BOT_TAKER;TOMATOES;XIRECS;4930.0;3
654400;BOT_TAKER;SUBMISSION;EMERALDS;XIRECS;10007.0;4
659200;SUBMISSION;BOT;EMERALDS;XIRECS;10000.0;7
659900;BOT_TAKER;SUBMISSION;EMERALDS;XIRECS;10007.0;7
660500;SUBMISSION;BOT_TAKER;TOMATOES;XIRECS;4934.0;3
661000;BOT_TAKER;SUBMISSION;TOMATOES;XIRECS;4945.0;4
662400;SUBMISSION;BOT_TAKER;TOMATOES;XIRECS;4931.0;3
662500;SUBMISSION;BOT;EMERALDS;XIRECS;10000.0;5
662700;SUBMISSION;BOT_TAKER;TOMATOES;XIRECS;4932.0;5
664300;BOT_TAKER;SUBMISSION;TOMATOES;XIRECS;4942.0;2
665700;BOT_MAKER;BOT_TAKER;TOMATOES;XIRECS;4932.0;2
666000;BOT_TAKER;SUBMISSION;EMERALDS;XIRECS;10007.0;6
667000;BOT_TAKER;SUBMISSION;EMERALDS;XIRECS;10007.0;5
667300;SUBMISSION;BOT;EMERALDS;XIRECS;10000.0;9
668400;BOT;SUBMISSION;EMERALDS;XIRECS;10000.0;7
668400;BOT_TAKER;SUBMISSION;EMERALDS;XIRECS;10007.0;6
669000;SUBMISSION;BOT;EMERALDS;XIRECS;10000.0;6
669900;BOT;SUBMISSION;EMERALDS;XIRECS;10000.0;10
670100;SUBMISSION;BOT_TAKER;EMERALDS;XIRECS;9993.0;4
670900;SUBMISSION;BOT;EMERALDS;XIRECS;10000.0;8
672400;BOT;SUBMISSION;TOMATOES;XIRECS;4941.0;11
672900;SUBMISSION;BOT;TOMATOES;XIRECS;4939.0;7
675500;BOT_TAKER;SUBMISSION;EMERALDS;XIRECS;10007.0;5
678900;BOT_MAKER;BOT_TAKER;TOMATOES;XIRECS;4932.0;2
679000;BOT_TAKER;SUBMISSION;EMERALDS;XIRECS;10007.0;6
680800;SUBMISSION;BOT;EMERALDS;XIRECS;10000.0;6
681500;BOT_TAKER;SUBMISSION;TOMATOES;XIRECS;4944.0;3
683400;SUBMISSION;BOT_TAKER;TOMATOES;XIRECS;4934.0;3
684600;BOT_TAKER;SUBMISSION;TOMATOES;XIRECS;4945.0;3
685700;BOT_TAKER;SUBMISSION;EMERALDS;XIRECS;10007.0;8
688300;SUBMISSION;BOT_TAKER;TOMATOES;XIRECS;4936.0;4
688500;BOT_TAKER;SUBMISSION;TOMATOES;XIRECS;4947.0;4
688800;BOT_TAKER;SUBMISSION;TOMATOES;XIRECS;4945.0;5
690900;SUBMISSION;BOT;TOMATOES;XIRECS;4938.0;11
692400;SUBMISSION;BOT;EMERALDS;XIRECS;10000.0;9
692600;SUBMISSION;BOT;EMERALDS;XIRECS;10000.0;8
692800;BOT_TAKER;SUBMISSION;EMERALDS;XIRECS;10007.0;8
693100;BOT_MAKER;BOT_TAKER;TOMATOES;XIRECS;4936.0;4
693500;SUBMISSION;BOT_TAKER;EMERALDS;XIRECS;9993.0;4
694000;BOT_TAKER;SUBMISSION;EMERALDS;XIRECS;10007.0;6
694700;BOT;SUBMISSION;TOMATOES;XIRECS;4939.0;6
695600;SUBMISSION;BOT_TAKER;TOMATOES;XIRECS;4931.0;5
695800;SUBMISSION;BOT_TAKER;TOMATOES;XIRECS;4932.0;4
695900;BOT_MAKER;BOT_TAKER;TOMATOES;XIRECS;4931.0;2
697300;BOT_MAKER;BOT_TAKER;TOMATOES;XIRECS;4930.0;2
697500;SUBMISSION;BOT_TAKER;EMERALDS;XIRECS;9993.0;3
700200;BOT_TAKER;SUBMISSION;TOMATOES;XIRECS;4944.0;3
700700;SUBMISSION;BOT_TAKER;EMERALDS;XIRECS;9993.0;6
701200;SUBMISSION;BOT_TAKER;TOMATOES;XIRECS;4930.0;5
701800;SUBMISSION;BOT_TAKER;EMERALDS;XIRECS;9993.0;7
704900;BOT_MAKER;BOT_TAKER;TOMATOES;XIRECS;4927.0;5
705500;SUBMISSION;BOT;EMERALDS;XIRECS;10000.0;7
706600;BOT;SUBMISSION;EMERALDS;XIRECS;10000.0;6
708400;BOT;SUBMISSION;TOMATOES;XIRECS;4937.0;10
710300;SUBMISSION;BOT_TAKER;TOMATOES;XIRECS;4932.0;3
713800;BOT_TAKER;SUBMISSION;EMERALDS;XIRECS;10007.0;5
713900;BOT_TAKER;SUBMISSION;TOMATOES;XIRECS;4946.0;4
715400;BOT_TAKER;SUBMISSION;EMERALDS;XIRECS;10007.0;3
718400;BOT_TAKER;SUBMISSION;EMERALDS;XIRECS;10007.0;4
718600;BOT_TAKER;SUBMISSION;TOMATOES;XIRECS;4942.0;2
719800;SUBMISSION;BOT_TAKER;TOMATOES;XIRECS;4931.0;3
720000;SUBMISSION;BOT;EMERALDS;XIRECS;10000.0;6
720400;SUBMISSION;BOT_TAKER;TOMATOES;XIRECS;4931.0;4
721900;BOT;SUBMISSION;EMERALDS;XIRECS;10000.0;9
725000;BOT_TAKER;SUBMISSION;EMERALDS;XIRECS;10007.0;6
725200;SUBMISSION;BOT_TAKER;EMERALDS;XIRECS;9993.0;3
726200;BOT;SUBMISSION;TOMATOES;XIRECS;4939.0;7
726700;SUBMISSION;BOT;TOMATOES;XIRECS;4937.0;5
727500;BOT;SUBMISSION;EMERALDS;XIRECS;10000.0;6
728100;SUBMISSION;BOT_TAKER;EMERALDS;XIRECS;9993.0;8
728500;SUBMISSION;BOT;EMERALDS;XIRECS;10000.0;9
728500;BOT_MAKER;BOT_TAKER;TOMATOES;XIRECS;4936.0;2
729400;BOT_TAKER;SUBMISSION;TOMATOES;XIRECS;4950.0;4
730600;SUBMISSION;BOT_TAKER;TOMATOES;XIRECS;4939.0;3
731400;BOT_TAKER;SUBMISSION;EMERALDS;XIRECS;10007.0;5
732400;SUBMISSION;BOT_TAKER;TOMATOES;XIRECS;4943.0;5
732600;BOT_TAKER;SUBMISSION;EMERALDS;XIRECS;10007.0;8
733400;BOT_TAKER;SUBMISSION;TOMATOES;XIRECS;4954.0;3
734000;BOT_TAKER;SUBMISSION;EMERALDS;XIRECS;10007.0;5
734800;BOT_TAKER;SUBMISSION;TOMATOES;XIRECS;4957.0;5
735000;BOT;SUBMISSION;EMERALDS;XIRECS;10000.0;5
735500;BOT_TAKER;SUBMISSION;TOMATOES;XIRECS;4956.0;2
736500;BOT_TAKER;BOT_MAKER;TOMATOES;XIRECS;4957.0;4
736700;SUBMISSION;BOT_TAKER;TOMATOES;XIRECS;4945.0;3
738200;SUBMISSION;BOT;EMERALDS;XIRECS;10000.0;9
739800;SUBMISSION;BOT_TAKER;TOMATOES;XIRECS;4945.0;4
740600;BOT;SUBMISSION;EMERALDS;XIRECS;10000.0;5
740600;SUBMISSION;BOT_TAKER;EMERALDS;XIRECS;9999.0;4
740900;BOT_TAKER;SUBMISSION;TOMATOES;XIRECS;4955.0;3
747400;SUBMISSION;BOT;EMERALDS;XIRECS;10000.0;5
748000;BOT_MAKER;BOT_TAKER;TOMATOES;XIRECS;4950.0;3
748000;SUBMISSION;BOT_TAKER;TOMATOES;XIRECS;4950.0;2
749300;SUBMISSION;BOT_TAKER;EMERALDS;XIRECS;9993.0;5
749800;SUBMISSION;BOT_TAKER;TOMATOES;XIRECS;4949.0;4
750800;BOT_TAKER;SUBMISSION;TOMATOES;XIRECS;4960.0;2
751200;BOT;SUBMISSION;EMERALDS;XIRECS;10000.0;8
751900;SUBMISSION;BOT_TAKER;EMERALDS;XIRECS;9993.0;3
755100;BOT_TAKER;SUBMISSION;TOMATOES;XIRECS;4962.0;4
757900;SUBMISSION;BOT_TAKER;TOMATOES;XIRECS;4953.0;3
758100;BOT_MAKER;BOT_TAKER;TOMATOES;XIRECS;4959.0;3
758800;SUBMISSION;BOT_TAKER;EMERALDS;XIRECS;9993.0;3
759100;SUBMISSION;BOT;EMERALDS;XIRECS;10000.0;9
759400;SUBMISSION;BOT;EMERALDS;XIRECS;10000.0;7
759800;BOT_TAKER;SUBMISSION;TOMATOES;XIRECS;4962.0;2
759900;SUBMISSION;BOT;EMERALDS;XIRECS;10000.0;8
761300;SUBMISSION;BOT_TAKER;TOMATOES;XIRECS;4950.0;3
761800;SUBMISSION;BOT;EMERALDS;XIRECS;10000.0;8
762100;BOT_TAKER;SUBMISSION;TOMATOES;XIRECS;4961.0;2
765200;BOT_TAKER;SUBMISSION;TOMATOES;XIRECS;4959.0;4
765400;BOT_TAKER;BOT_MAKER;TOMATOES;XIRECS;4959.0;5
766000;BOT;SUBMISSION;EMERALDS;XIRECS;10000.0;6
766200;SUBMISSION;BOT;TOMATOES;XIRECS;4952.0;8
766300;SUBMISSION;BOT;EMERALDS;XIRECS;10000.0;5
766300;BOT_TAKER;SUBMISSION;TOMATOES;XIRECS;4960.0;4
766800;BOT;SUBMISSION;TOMATOES;XIRECS;4956.0;5
767600;BOT_TAKER;SUBMISSION;EMERALDS;XIRECS;10007.0;8
768700;BOT_TAKER;SUBMISSION;EMERALDS;XIRECS;10007.0;5
770100;SUBMISSION;BOT;EMERALDS;XIRECS;10000.0;6
772700;SUBMISSION;BOT;TOMATOES;XIRECS;4950.0;5
773100;BOT_TAKER;SUBMISSION;TOMATOES;XIRECS;4956.0;4
773400;SUBMISSION;BOT;TOMATOES;XIRECS;4948.0;7
773900;BOT_MAKER;BOT_TAKER;TOMATOES;XIRECS;4944.0;5
774100;BOT_TAKER;SUBMISSION;EMERALDS;XIRECS;10007.0;5
774300;SUBMISSION;BOT_TAKER;EMERALDS;XIRECS;9993.0;6
774900;BOT_TAKER;SUBMISSION;TOMATOES;XIRECS;4957.0;4
775400;SUBMISSION;BOT_TAKER;TOMATOES;XIRECS;4945.0;3
778300;BOT_TAKER;SUBMISSION;TOMATOES;XIRECS;4960.0;3
780300;SUBMISSION;BOT;EMERALDS;XIRECS;10000.0;10
781700;SUBMISSION;BOT;EMERALDS;XIRECS;10000.0;10
782500;SUBMISSION;BOT_TAKER;TOMATOES;XIRECS;4947.0;2
784000;BOT_TAKER;SUBMISSION;EMERALDS;XIRECS;10007.0;7
784200;SUBMISSION;BOT_TAKER;TOMATOES;XIRECS;4946.0;5
785200;BOT_MAKER;BOT_TAKER;TOMATOES;XIRECS;4943.0;2
785500;SUBMISSION;BOT_TAKER;EMERALDS;XIRECS;9993.0;3
786500;SUBMISSION;BOT;EMERALDS;XIRECS;10000.0;9
786600;BOT;SUBMISSION;TOMATOES;XIRECS;4951.0;6
786700;SUBMISSION;BOT_TAKER;TOMATOES;XIRECS;4943.0;2
786800;BOT;SUBMISSION;EMERALDS;XIRECS;10000.0;5
788200;BOT;SUBMISSION;EMERALDS;XIRECS;10000.0;10
789100;SUBMISSION;BOT_TAKER;EMERALDS;XIRECS;9993.0;3
792300;BOT_TAKER;SUBMISSION;TOMATOES;XIRECS;4953.0;2
794100;BOT;SUBMISSION;EMERALDS;XIRECS;10000.0;9
794600;SUBMISSION;BOT;EMERALDS;XIRECS;10000.0;8
798900;SUBMISSION;BOT_TAKER;TOMATOES;XIRECS;4943.0;2
800100;BOT_TAKER;SUBMISSION;TOMATOES;XIRECS;4952.0;5
801800;SUBMISSION;BOT_TAKER;EMERALDS;XIRECS;9993.0;4
802300;SUBMISSION;BOT;TOMATOES;XIRECS;4944.0;8
802500;BOT_TAKER;SUBMISSION;TOMATOES;XIRECS;4950.0;4
804700;BOT_TAKER;SUBMISSION;TOMATOES;XIRECS;4950.0;4
806700;SUBMISSION;BOT;EMERALDS;XIRECS;10000.0;10
806900;SUBMISSION;BOT_TAKER;TOMATOES;XIRECS;4941.0;5
807300;SUBMISSION;BOT;EMERALDS;XIRECS;10000.0;8
807900;BOT;SUBMISSION;EMERALDS;XIRECS;10000.0;8
809000;SUBMISSION;BOT;EMERALDS;XIRECS;10000.0;10
809300;BOT;SUBMISSION;TOMATOES;XIRECS;4946.0;8
809400;BOT_MAKER;BOT_TAKER;TOMATOES;XIRECS;4944.0;2
810800;BOT_TAKER;SUBMISSION;EMERALDS;XIRECS;10007.0;8
811100;SUBMISSION;BOT_TAKER;TOMATOES;XIRECS;4940.0;4
812800;SUBMISSION;BOT_TAKER;TOMATOES;XIRECS;4935.0;2
813400;SUBMISSION;BOT_TAKER;TOMATOES;XIRECS;4934.0;5
814300;BOT_TAKER;SUBMISSION;TOMATOES;XIRECS;4945.0;5
816700;SUBMISSION;BOT_TAKER;TOMATOES;XIRECS;4934.0;5
817000;BOT_TAKER;SUBMISSION;TOMATOES;XIRECS;4945.0;4
819200;BOT;SUBMISSION;EMERALDS;XIRECS;10000.0;9
819900;SUBMISSION;BOT;EMERALDS;XIRECS;10000.0;8
821200;BOT_TAKER;SUBMISSION;TOMATOES;XIRECS;4946.0;2
822300;BOT_TAKER;SUBMISSION;TOMATOES;XIRECS;4948.0;3
822400;BOT_TAKER;SUBMISSION;TOMATOES;XIRECS;4949.0;5
822900;SUBMISSION;BOT;TOMATOES;XIRECS;4942.0;3
823500;BOT_TAKER;SUBMISSION;TOMATOES;XIRECS;4947.0;4
825500;SUBMISSION;BOT;TOMATOES;XIRECS;4942.0;4
826600;SUBMISSION;BOT;TOMATOES;XIRECS;4940.0;6
827500;SUBMISSION;BOT_TAKER;EMERALDS;XIRECS;9993.0;6
828600;BOT_TAKER;SUBMISSION;TOMATOES;XIRECS;4948.0;2
828800;SUBMISSION;BOT_TAKER;EMERALDS;XIRECS;9993.0;6
830300;SUBMISSION;BOT_TAKER;EMERALDS;XIRECS;9993.0;7
831300;SUBMISSION;BOT;EMERALDS;XIRECS;10000.0;5
831300;BOT_TAKER;SUBMISSION;TOMATOES;XIRECS;4944.0;3
831700;SUBMISSION;BOT_TAKER;EMERALDS;XIRECS;9993.0;7
832200;BOT_TAKER;SUBMISSION;EMERALDS;XIRECS;10007.0;7
832800;SUBMISSION;BOT;TOMATOES;XIRECS;4934.0;12
833700;SUBMISSION;BOT;EMERALDS;XIRECS;10000.0;10
834900;BOT;SUBMISSION;TOMATOES;XIRECS;4934.0;2
838300;BOT;SUBMISSION;EMERALDS;XIRECS;10000.0;5
838800;SUBMISSION;BOT_TAKER;TOMATOES;XIRECS;4936.0;4
841000;BOT_TAKER;SUBMISSION;TOMATOES;XIRECS;4949.0;3
841100;BOT_MAKER;BOT_TAKER;TOMATOES;XIRECS;4937.0;2
841400;BOT_TAKER;SUBMISSION;TOMATOES;XIRECS;4949.0;5
841800;BOT;SUBMISSION;EMERALDS;XIRECS;10000.0;5
841900;BOT;SUBMISSION;EMERALDS;XIRECS;10000.0;6
842300;BOT;SUBMISSION;TOMATOES;XIRECS;4946.0;6
844100;SUBMISSION;BOT_TAKER;EMERALDS;XIRECS;9993.0;3
845300;BOT_TAKER;SUBMISSION;TOMATOES;XIRECS;4953.0;4
846200;SUBMISSION;BOT_TAKER;TOMATOES;XIRECS;4944.0;3
847000;SUBMISSION;BOT;EMERALDS;XIRECS;10000.0;7
848000;BOT_MAKER;BOT_TAKER;TOMATOES;XIRECS;4949.0;5
848200;BOT;SUBMISSION;EMERALDS;XIRECS;10000.0;9
848600;SUBMISSION;BOT;TOMATOES;XIRECS;4948.0;2
849700;SUBMISSION;BOT_TAKER;TOMATOES;XIRECS;4941.0;4
850500;SUBMISSION;BOT;EMERALDS;XIRECS;10000.0;7
853100;BOT_TAKER;SUBMISSION;TOMATOES;XIRECS;4954.0;2
853600;SUBMISSION;BOT_TAKER;TOMATOES;XIRECS;4944.0;4
855500;BOT;SUBMISSION;EMERALDS;XIRECS;10000.0;5
856800;SUBMISSION;BOT;EMERALDS;XIRECS;10000.0;10
857000;SUBMISSION;BOT_TAKER;EMERALDS;XIRECS;9993.0;3
857300;BOT_TAKER;SUBMISSION;TOMATOES;XIRECS;4953.0;3
859700;BOT;SUBMISSION;EMERALDS;XIRECS;10000.0;7
864100;BOT_TAKER;SUBMISSION;TOMATOES;XIRECS;4949.0;4
864700;SUBMISSION;BOT;TOMATOES;XIRECS;4943.0;9
864800;SUBMISSION;BOT;EMERALDS;XIRECS;10000.0;8
864900;BOT_TAKER;SUBMISSION;TOMATOES;XIRECS;4950.0;5
865700;BOT_TAKER;SUBMISSION;TOMATOES;XIRECS;4948.0;4
867600;SUBMISSION;BOT;EMERALDS;XIRECS;10000.0;10
868100;BOT_TAKER;SUBMISSION;TOMATOES;XIRECS;4951.0;2
869200;SUBMISSION;BOT;TOMATOES;XIRECS;4946.0;10
869300;SUBMISSION;BOT_TAKER;EMERALDS;XIRECS;9993.0;5
869500;BOT;SUBMISSION;EMERALDS;XIRECS;10000.0;5
869700;BOT;SUBMISSION;EMERALDS;XIRECS;10000.0;8
870100;BOT_TAKER;SUBMISSION;TOMATOES;XIRECS;4952.0;4
870300;SUBMISSION;BOT;EMERALDS;XIRECS;10000.0;10
872500;SUBMISSION;BOT;EMERALDS;XIRECS;10000.0;8
873300;SUBMISSION;BOT_TAKER;TOMATOES;XIRECS;4936.0;3
875200;BOT_TAKER;SUBMISSION;TOMATOES;XIRECS;4948.0;5
875700;BOT_TAKER;SUBMISSION;TOMATOES;XIRECS;4949.0;3
876900;BOT;SUBMISSION;EMERALDS;XIRECS;10000.0;6
877100;SUBMISSION;BOT_TAKER;EMERALDS;XIRECS;9993.0;5
877400;BOT_TAKER;BOT_MAKER;TOMATOES;XIRECS;4948.0;4
880100;SUBMISSION;BOT_TAKER;TOMATOES;XIRECS;4935.0;3
880300;SUBMISSION;BOT;EMERALDS;XIRECS;10000.0;3
880400;BOT;SUBMISSION;EMERALDS;XIRECS;10000.0;7
881700;SUBMISSION;BOT_TAKER;TOMATOES;XIRECS;4938.0;3
881800;BOT_TAKER;SUBMISSION;TOMATOES;XIRECS;4949.0;5
882000;BOT_TAKER;SUBMISSION;TOMATOES;XIRECS;4948.0;4
882500;BOT_TAKER;BOT_MAKER;TOMATOES;XIRECS;4948.0;5
883800;SUBMISSION;BOT;EMERALDS;XIRECS;10000.0;7
883900;BOT_MAKER;BOT_TAKER;EMERALDS;XIRECS;9992.0;5
884200;SUBMISSION;BOT;TOMATOES;XIRECS;4946.0;4
884400;BOT;SUBMISSION;EMERALDS;XIRECS;10000.0;7
887200;SUBMISSION;BOT_TAKER;EMERALDS;XIRECS;9993.0;5
888500;SUBMISSION;BOT;TOMATOES;XIRECS;4947.0;2
888700;BOT_TAKER;SUBMISSION;TOMATOES;XIRECS;4952.0;4
889000;BOT;SUBMISSION;EMERALDS;XIRECS;10000.0;8
889700;SUBMISSION;BOT;EMERALDS;XIRECS;10000.0;5
889800;SUBMISSION;BOT;TOMATOES;XIRECS;4949.0;3
892600;SUBMISSION;BOT_TAKER;TOMATOES;XIRECS;4942.0;4
892900;BOT_TAKER;SUBMISSION;EMERALDS;XIRECS;10000.0;7
893000;BOT;SUBMISSION;EMERALDS;XIRECS;10000.0;9
893600;SUBMISSION;BOT_TAKER;EMERALDS;XIRECS;9993.0;7
895500;SUBMISSION;BOT;EMERALDS;XIRECS;10000.0;7
895600;BOT_TAKER;SUBMISSION;EMERALDS;XIRECS;10000.0;7
895600;BOT_MAKER;BOT_TAKER;TOMATOES;XIRECS;4948.0;3
896200;BOT;SUBMISSION;EMERALDS;XIRECS;10000.0;10
897700;BOT_TAKER;SUBMISSION;TOMATOES;XIRECS;4959.0;4
898700;SUBMISSION;BOT_TAKER;TOMATOES;XIRECS;4949.0;4
898800;SUBMISSION;BOT_TAKER;TOMATOES;XIRECS;4949.0;4
899100;SUBMISSION;BOT;EMERALDS;XIRECS;10000.0;9
899900;BOT;SUBMISSION;EMERALDS;XIRECS;10000.0;5
900600;BOT_TAKER;SUBMISSION;TOMATOES;XIRECS;4959.0;2
901200;SUBMISSION;BOT_TAKER;TOMATOES;XIRECS;4948.0;4
901600;BOT_MAKER;BOT_TAKER;TOMATOES;XIRECS;4945.0;5
902200;BOT;SUBMISSION;TOMATOES;XIRECS;4952.0;8
903600;SUBMISSION;BOT;TOMATOES;XIRECS;4947.0;9
904700;SUBMISSION;BOT;EMERALDS;XIRECS;10000.0;9
906100;BOT_MAKER;BOT_TAKER;TOMATOES;XIRECS;4941.0;3
906600;BOT;SUBMISSION;TOMATOES;XIRECS;4948.0;6
907400;SUBMISSION;BOT;EMERALDS;XIRECS;10000.0;9
908200;BOT_MAKER;BOT_TAKER;TOMATOES;XIRECS;4944.0;5
909000;BOT;SUBMISSION;TOMATOES;XIRECS;4953.0;5
909700;SUBMISSION;BOT_TAKER;EMERALDS;XIRECS;9993.0;2
909700;BOT_MAKER;BOT_TAKER;EMERALDS;XIRECS;9992.0;1
911400;SUBMISSION;BOT_TAKER;TOMATOES;XIRECS;4947.0;3
911800;SUBMISSION;BOT_TAKER;TOMATOES;XIRECS;4946.0;4
912100;BOT;SUBMISSION;EMERALDS;XIRECS;10000.0;5
913600;BOT;SUBMISSION;TOMATOES;XIRECS;4953.0;6
913800;BOT_TAKER;BOT_MAKER;TOMATOES;XIRECS;4958.0;4
915400;SUBMISSION;BOT_TAKER;TOMATOES;XIRECS;4942.0;3
916800;SUBMISSION;BOT;EMERALDS;XIRECS;10000.0;5
917800;BOT_TAKER;SUBMISSION;EMERALDS;XIRECS;10000.0;5
918200;BOT_TAKER;SUBMISSION;TOMATOES;XIRECS;4952.0;4
919700;SUBMISSION;BOT_TAKER;EMERALDS;XIRECS;9993.0;5
919700;BOT_MAKER;BOT_TAKER;EMERALDS;XIRECS;9992.0;2
920000;SUBMISSION;BOT;TOMATOES;XIRECS;4946.0;5
921400;BOT_TAKER;SUBMISSION;TOMATOES;XIRECS;4955.0;3
922700;BOT_MAKER;BOT_TAKER;TOMATOES;XIRECS;4949.0;2
922900;BOT_TAKER;SUBMISSION;EMERALDS;XIRECS;10000.0;4
923300;BOT;SUBMISSION;EMERALDS;XIRECS;10000.0;6
923400;BOT_TAKER;SUBMISSION;TOMATOES;XIRECS;4957.0;5
923500;SUBMISSION;BOT;EMERALDS;XIRECS;10000.0;9
924200;BOT;SUBMISSION;EMERALDS;XIRECS;10000.0;9
924400;SUBMISSION;BOT;TOMATOES;XIRECS;4951.0;6
924800;SUBMISSION;BOT_TAKER;TOMATOES;XIRECS;4945.0;2
925000;BOT_TAKER;SUBMISSION;EMERALDS;XIRECS;10000.0;4
927400;BOT;SUBMISSION;TOMATOES;XIRECS;4955.0;2
927900;SUBMISSION;BOT_TAKER;TOMATOES;XIRECS;4950.0;5
928100;BOT_TAKER;SUBMISSION;TOMATOES;XIRECS;4961.0;4
932300;SUBMISSION;BOT;EMERALDS;XIRECS;10000.0;10
932400;BOT_TAKER;SUBMISSION;EMERALDS;XIRECS;10000.0;3
933600;BOT;SUBMISSION;EMERALDS;XIRECS;10000.0;10
934700;SUBMISSION;BOT_TAKER;TOMATOES;XIRECS;4952.0;3
936200;SUBMISSION;BOT_TAKER;EMERALDS;XIRECS;9993.0;3
936800;BOT;SUBMISSION;EMERALDS;XIRECS;10000.0;9
936900;BOT;SUBMISSION;TOMATOES;XIRECS;4957.0;6
937100;BOT_TAKER;SUBMISSION;EMERALDS;XIRECS;10007.0;3
938300;SUBMISSION;BOT_TAKER;EMERALDS;XIRECS;9993.0;3
938700;BOT_TAKER;SUBMISSION;TOMATOES;XIRECS;4965.0;2
939100;BOT_TAKER;BOT_MAKER;TOMATOES;XIRECS;4965.0;5
939800;BOT_TAKER;BOT_MAKER;TOMATOES;XIRECS;4966.0;2
940200;SUBMISSION;BOT_TAKER;TOMATOES;XIRECS;4953.0;5
940600;SUBMISSION;BOT_TAKER;TOMATOES;XIRECS;4954.0;3
940800;SUBMISSION;BOT_TAKER;EMERALDS;XIRECS;9993.0;5
942400;BOT;SUBMISSION;EMERALDS;XIRECS;10000.0;10
945800;BOT;SUBMISSION;TOMATOES;XIRECS;4967.0;4
947500;BOT_TAKER;SUBMISSION;TOMATOES;XIRECS;4969.0;4
948100;BOT_TAKER;SUBMISSION;EMERALDS;XIRECS;10007.0;8
951000;SUBMISSION;BOT;EMERALDS;XIRECS;10000.0;6
952500;SUBMISSION;BOT;TOMATOES;XIRECS;4960.0;3
953100;SUBMISSION;BOT;EMERALDS;XIRECS;10000.0;8
953200;BOT_TAKER;SUBMISSION;TOMATOES;XIRECS;4965.0;5
954000;SUBMISSION;BOT;EMERALDS;XIRECS;10000.0;9
957800;BOT_TAKER;BOT_MAKER;TOMATOES;XIRECS;4971.0;2
959600;SUBMISSION;BOT;TOMATOES;XIRECS;4963.0;9
959800;BOT;SUBMISSION;EMERALDS;XIRECS;10000.0;6
960100;BOT_TAKER;SUBMISSION;TOMATOES;XIRECS;4968.0;2
960800;SUBMISSION;BOT;EMERALDS;XIRECS;10000.0;9
963100;BOT_TAKER;SUBMISSION;TOMATOES;XIRECS;4968.0;2
964600;BOT_TAKER;SUBMISSION;TOMATOES;XIRECS;4969.0;2
965000;SUBMISSION;BOT;EMERALDS;XIRECS;10000.0;10
965200;BOT_TAKER;SUBMISSION;EMERALDS;XIRECS;10000.0;5
967700;BOT;SUBMISSION;EMERALDS;XIRECS;10000.0;5
968700;SUBMISSION;BOT_TAKER;TOMATOES;XIRECS;4957.0;4
969300;BOT;SUBMISSION;EMERALDS;XIRECS;10000.0;8
969500;SUBMISSION;BOT_TAKER;EMERALDS;XIRECS;9993.0;8
970400;SUBMISSION;BOT_TAKER;TOMATOES;XIRECS;4956.0;4
971400;BOT;SUBMISSION;EMERALDS;XIRECS;10000.0;7
971500;BOT;SUBMISSION;EMERALDS;XIRECS;10000.0;5
973900;BOT;SUBMISSION;TOMATOES;XIRECS;4965.0;6
974300;SUBMISSION;BOT;TOMATOES;XIRECS;4961.0;5
974700;BOT_TAKER;SUBMISSION;TOMATOES;XIRECS;4968.0;3
974900;BOT;SUBMISSION;EMERALDS;XIRECS;10000.0;10
975600;BOT_TAKER;SUBMISSION;TOMATOES;XIRECS;4970.0;2
976300;BOT;SUBMISSION;EMERALDS;XIRECS;10000.0;7
977100;BOT_TAKER;SUBMISSION;EMERALDS;XIRECS;10007.0;6
977100;SUBMISSION;BOT_TAKER;TOMATOES;XIRECS;4956.0;5
977700;BOT;SUBMISSION;EMERALDS;XIRECS;10000.0;7
979000;BOT_TAKER;SUBMISSION;TOMATOES;XIRECS;4972.0;5
980400;BOT_TAKER;SUBMISSION;EMERALDS;XIRECS;10007.0;3
980500;SUBMISSION;BOT;EMERALDS;XIRECS;10000.0;8
981000;SUBMISSION;BOT_TAKER;TOMATOES;XIRECS;4960.0;3
982200;SUBMISSION;BOT_TAKER;EMERALDS;XIRECS;9993.0;6
982600;BOT_TAKER;SUBMISSION;EMERALDS;XIRECS;10007.0;5
983500;SUBMISSION;BOT;EMERALDS;XIRECS;10000.0;6
984600;SUBMISSION;BOT_TAKER;TOMATOES;XIRECS;4964.0;4
986100;BOT;SUBMISSION;TOMATOES;XIRECS;4971.0;8
986500;BOT_TAKER;BOT_MAKER;TOMATOES;XIRECS;4975.0;5
986600;SUBMISSION;BOT_TAKER;TOMATOES;XIRECS;4963.0;4
987200;BOT_TAKER;SUBMISSION;EMERALDS;XIRECS;10007.0;6
987500;SUBMISSION;BOT_TAKER;TOMATOES;XIRECS;4964.0;4
987800;BOT_TAKER;SUBMISSION;TOMATOES;XIRECS;4976.0;4
988000;BOT_TAKER;SUBMISSION;TOMATOES;XIRECS;4976.0;4
988500;SUBMISSION;BOT_TAKER;EMERALDS;XIRECS;9993.0;5
989100;SUBMISSION;BOT_TAKER;TOMATOES;XIRECS;4964.0;2
990100;BOT;SUBMISSION;EMERALDS;XIRECS;10000.0;6
990700;SUBMISSION;BOT;TOMATOES;XIRECS;4966.0;11
991600;BOT;SUBMISSION;EMERALDS;XIRECS;10000.0;5
992900;BOT;SUBMISSION;TOMATOES;XIRECS;4969.0;2
993300;BOT;SUBMISSION;EMERALDS;XIRECS;10000.0;10
993600;BOT_MAKER;BOT_TAKER;TOMATOES;XIRECS;4964.0;3
993800;BOT;SUBMISSION;EMERALDS;XIRECS;10000.0;5
994100;SUBMISSION;BOT_TAKER;EMERALDS;XIRECS;9993.0;4
995400;BOT;SUBMISSION;TOMATOES;XIRECS;4970.0;3
