day,timestamp,global_ts,product,side,price,quantity,source
-2,900,900,INTARIAN_PEPPER_ROOT,BUY,10006,11,AGGRESSIVE
-2,1000,1000,INTARIAN_PEPPER_ROOT,BUY,9995,7,MARKET_TRADE
-2,1100,1100,INTARIAN_PEPPER_ROOT,BUY,10003,8,AGGRESSIVE
-2,1200,1200,INTARIAN_PEPPER_ROOT,BUY,10007,10,AGGRESSIVE
-2,3600,3600,INTARIAN_PEPPER_ROOT,BUY,10009,12,AGGRESSIVE
-2,4400,4400,INTARIAN_PEPPER_ROOT,BUY,10010,9,AGGRESSIVE
-2,5100,5100,INTARIAN_PEPPER_ROOT,BUY,10007,7,AGGRESSIVE
-2,5200,5200,INTARIAN_PEPPER_ROOT,BUY,10002,5,AGGRESSIVE
-2,11300,11300,INTARIAN_PEPPER_ROOT,BUY,10017,8,AGGRESSIVE
-2,11300,11300,INTARIAN_PEPPER_ROOT,BUY,10008,3,AGGRESSIVE
-2,45100,45100,INTARIAN_PEPPER_ROOT,SELL,10048,4,AGGRESSIVE
-2,45900,45900,INTARIAN_PEPPER_ROOT,BUY,10038,4,MARKET_TRADE
-2,46400,46400,INTARIAN_PEPPER_ROOT,SELL,10049,4,AGGRESSIVE
-2,46400,46400,INTARIAN_PEPPER_ROOT,SELL,10041,8,AGGRESSIVE
-2,46400,46400,INTARIAN_PEPPER_ROOT,SELL,10038,6,AGGRESSIVE
-2,52900,52900,INTARIAN_PEPPER_ROOT,BUY,10049,6,AGGRESSIVE
-2,53000,53000,INTARIAN_PEPPER_ROOT,BUY,10049,6,AGGRESSIVE
-2,53800,53800,INTARIAN_PEPPER_ROOT,BUY,10048,4,MARKET_TRADE
-2,55300,55300,INTARIAN_PEPPER_ROOT,BUY,10052,2,AGGRESSIVE
-2,89000,89000,INTARIAN_PEPPER_ROOT,SELL,10095,6,MARKET_TRADE
-2,90800,90800,INTARIAN_PEPPER_ROOT,BUY,10087,6,AGGRESSIVE
-2,108200,108200,INTARIAN_PEPPER_ROOT,SELL,10114,6,MARKET_TRADE
-2,108900,108900,INTARIAN_PEPPER_ROOT,BUY,10105,6,AGGRESSIVE
-2,122000,122000,INTARIAN_PEPPER_ROOT,SELL,10125,3,AGGRESSIVE
-2,122000,122000,INTARIAN_PEPPER_ROOT,SELL,10116,12,AGGRESSIVE
-2,122700,122700,INTARIAN_PEPPER_ROOT,BUY,10119,4,AGGRESSIVE
-2,126500,126500,INTARIAN_PEPPER_ROOT,BUY,10123,3,AGGRESSIVE
-2,126500,126500,INTARIAN_PEPPER_ROOT,BUY,10132,8,AGGRESSIVE
-2,129400,129400,INTARIAN_PEPPER_ROOT,SELL,10132,5,AGGRESSIVE
-2,130000,130000,INTARIAN_PEPPER_ROOT,BUY,10124,4,MARKET_TRADE
-2,134600,134600,INTARIAN_PEPPER_ROOT,BUY,10129,1,MARKET_TRADE
-2,140000,140000,INTARIAN_PEPPER_ROOT,SELL,10143,5,AGGRESSIVE
-2,140000,140000,INTARIAN_PEPPER_ROOT,SELL,10134,10,AGGRESSIVE
-2,140000,140000,INTARIAN_PEPPER_ROOT,SELL,10132,3,AGGRESSIVE
-2,140700,140700,INTARIAN_PEPPER_ROOT,BUY,10142,9,AGGRESSIVE
-2,141800,141800,INTARIAN_PEPPER_ROOT,BUY,10136,5,MARKET_TRADE
-2,144100,144100,INTARIAN_PEPPER_ROOT,BUY,10136,3,MARKET_TRADE
-2,145400,145400,INTARIAN_PEPPER_ROOT,BUY,10142,1,AGGRESSIVE
-2,155900,155900,INTARIAN_PEPPER_ROOT,SELL,10158,8,AGGRESSIVE
-2,155900,155900,INTARIAN_PEPPER_ROOT,SELL,10150,8,AGGRESSIVE
-2,155900,155900,INTARIAN_PEPPER_ROOT,SELL,10148,2,AGGRESSIVE
-2,156300,156300,INTARIAN_PEPPER_ROOT,BUY,10151,3,MARKET_TRADE
-2,158700,158700,INTARIAN_PEPPER_ROOT,BUY,10160,5,AGGRESSIVE
-2,159700,159700,INTARIAN_PEPPER_ROOT,BUY,10156,7,AGGRESSIVE
-2,165200,165200,INTARIAN_PEPPER_ROOT,BUY,10167,3,AGGRESSIVE
-2,202200,202200,INTARIAN_PEPPER_ROOT,SELL,10205,3,AGGRESSIVE
-2,202400,202400,INTARIAN_PEPPER_ROOT,BUY,10197,3,MARKET_TRADE
-2,213200,213200,INTARIAN_PEPPER_ROOT,SELL,10216,4,AGGRESSIVE
-2,218400,218400,INTARIAN_PEPPER_ROOT,BUY,10213,3,MARKET_TRADE
-2,220900,220900,INTARIAN_PEPPER_ROOT,BUY,10222,1,AGGRESSIVE
-2,225400,225400,INTARIAN_PEPPER_ROOT,SELL,10228,3,AGGRESSIVE
-2,230100,230100,INTARIAN_PEPPER_ROOT,BUY,10227,3,AGGRESSIVE
-2,231300,231300,INTARIAN_PEPPER_ROOT,SELL,10234,7,AGGRESSIVE
-2,231300,231300,INTARIAN_PEPPER_ROOT,SELL,10226,10,AGGRESSIVE
-2,231300,231300,INTARIAN_PEPPER_ROOT,SELL,10223,1,AGGRESSIVE
-2,231500,231500,INTARIAN_PEPPER_ROOT,BUY,10226,5,MARKET_TRADE
-2,232500,232500,INTARIAN_PEPPER_ROOT,BUY,10234,8,AGGRESSIVE
-2,234600,234600,INTARIAN_PEPPER_ROOT,BUY,10229,5,MARKET_TRADE
-2,235900,235900,INTARIAN_PEPPER_ROOT,SELL,10244,6,MARKET_TRADE
-2,237200,237200,INTARIAN_PEPPER_ROOT,BUY,10234,3,AGGRESSIVE
-2,243100,243100,INTARIAN_PEPPER_ROOT,BUY,10240,3,AGGRESSIVE
-2,243300,243300,INTARIAN_PEPPER_ROOT,SELL,10246,4,AGGRESSIVE
-2,243700,243700,INTARIAN_PEPPER_ROOT,BUY,10240,4,AGGRESSIVE
-2,248400,248400,INTARIAN_PEPPER_ROOT,SELL,10257,7,MARKET_TRADE
-2,248700,248700,INTARIAN_PEPPER_ROOT,BUY,10245,7,AGGRESSIVE
-2,250900,250900,INTARIAN_PEPPER_ROOT,SELL,10257,7,MARKET_TRADE
-2,253000,253000,INTARIAN_PEPPER_ROOT,BUY,10249,4,AGGRESSIVE
-2,255000,255000,INTARIAN_PEPPER_ROOT,BUY,10251,3,AGGRESSIVE
-2,265700,265700,INTARIAN_PEPPER_ROOT,SELL,10274,4,MARKET_TRADE
-2,268700,268700,INTARIAN_PEPPER_ROOT,BUY,10265,4,AGGRESSIVE
-2,286200,286200,INTARIAN_PEPPER_ROOT,SELL,10292,4,MARKET_TRADE
-2,288800,288800,INTARIAN_PEPPER_ROOT,BUY,10283,4,MARKET_TRADE
-2,289000,289000,INTARIAN_PEPPER_ROOT,SELL,10292,5,AGGRESSIVE
-2,289700,289700,INTARIAN_PEPPER_ROOT,SELL,10292,8,AGGRESSIVE
-2,289700,289700,INTARIAN_PEPPER_ROOT,SELL,10281,10,AGGRESSIVE
-2,291100,291100,INTARIAN_PEPPER_ROOT,BUY,10293,11,AGGRESSIVE
-2,295100,295100,INTARIAN_PEPPER_ROOT,BUY,10292,7,AGGRESSIVE
-2,298100,298100,INTARIAN_PEPPER_ROOT,BUY,10295,5,AGGRESSIVE
-2,299000,299000,INTARIAN_PEPPER_ROOT,SELL,10302,7,AGGRESSIVE
-2,301900,301900,INTARIAN_PEPPER_ROOT,SELL,10310,7,MARKET_TRADE
-2,302600,302600,INTARIAN_PEPPER_ROOT,BUY,10299,6,AGGRESSIVE
-2,310700,310700,INTARIAN_PEPPER_ROOT,BUY,10312,6,AGGRESSIVE
-2,313600,313600,INTARIAN_PEPPER_ROOT,BUY,10310,2,AGGRESSIVE
-2,329100,329100,INTARIAN_PEPPER_ROOT,SELL,10332,6,AGGRESSIVE
-2,334500,334500,INTARIAN_PEPPER_ROOT,BUY,10331,5,AGGRESSIVE
-2,335600,335600,INTARIAN_PEPPER_ROOT,BUY,10337,1,AGGRESSIVE
-2,337800,337800,INTARIAN_PEPPER_ROOT,SELL,10340,7,AGGRESSIVE
-2,339400,339400,INTARIAN_PEPPER_ROOT,BUY,10336,3,AGGRESSIVE
-2,340200,340200,INTARIAN_PEPPER_ROOT,SELL,10348,3,MARKET_TRADE
-2,342200,342200,INTARIAN_PEPPER_ROOT,SELL,10350,5,MARKET_TRADE
-2,342700,342700,INTARIAN_PEPPER_ROOT,BUY,10339,4,AGGRESSIVE
-2,342700,342700,INTARIAN_PEPPER_ROOT,BUY,10348,8,AGGRESSIVE
-2,346200,346200,INTARIAN_PEPPER_ROOT,SELL,10349,8,AGGRESSIVE
-2,346700,346700,INTARIAN_PEPPER_ROOT,BUY,10338,3,MARKET_TRADE
-2,347100,347100,INTARIAN_PEPPER_ROOT,SELL,10355,3,MARKET_TRADE
-2,349500,349500,INTARIAN_PEPPER_ROOT,BUY,10344,7,MARKET_TRADE
-2,356200,356200,INTARIAN_PEPPER_ROOT,BUY,10353,1,AGGRESSIVE
-2,359000,359000,INTARIAN_PEPPER_ROOT,SELL,10362,5,AGGRESSIVE
-2,359800,359800,INTARIAN_PEPPER_ROOT,BUY,10356,3,AGGRESSIVE
-2,362100,362100,INTARIAN_PEPPER_ROOT,BUY,10356,2,MARKET_TRADE
-2,382000,382000,INTARIAN_PEPPER_ROOT,SELL,10388,5,MARKET_TRADE
-2,383600,383600,INTARIAN_PEPPER_ROOT,BUY,10380,5,AGGRESSIVE
-2,389100,389100,INTARIAN_PEPPER_ROOT,SELL,10392,6,AGGRESSIVE
-2,389700,389700,INTARIAN_PEPPER_ROOT,BUY,10391,6,AGGRESSIVE
-2,399400,399400,INTARIAN_PEPPER_ROOT,SELL,10402,4,AGGRESSIVE
-2,400000,400000,INTARIAN_PEPPER_ROOT,BUY,10396,4,AGGRESSIVE
-2,410900,410900,INTARIAN_PEPPER_ROOT,SELL,10417,3,MARKET_TRADE
-2,413000,413000,INTARIAN_PEPPER_ROOT,SELL,10416,3,AGGRESSIVE
-2,413000,413000,INTARIAN_PEPPER_ROOT,SELL,10407,9,AGGRESSIVE
-2,413000,413000,INTARIAN_PEPPER_ROOT,SELL,10405,6,AGGRESSIVE
-2,417400,417400,INTARIAN_PEPPER_ROOT,BUY,10414,3,AGGRESSIVE
-2,417400,417400,INTARIAN_PEPPER_ROOT,BUY,10423,8,AGGRESSIVE
-2,423300,423300,INTARIAN_PEPPER_ROOT,BUY,10420,5,AGGRESSIVE
-2,425500,425500,INTARIAN_PEPPER_ROOT,BUY,10422,3,AGGRESSIVE
-2,430400,430400,INTARIAN_PEPPER_ROOT,BUY,10422,2,MARKET_TRADE
-2,433200,433200,INTARIAN_PEPPER_ROOT,SELL,10439,7,MARKET_TRADE
-2,433600,433600,INTARIAN_PEPPER_ROOT,SELL,10442,6,MARKET_TRADE
-2,434100,434100,INTARIAN_PEPPER_ROOT,BUY,10436,7,AGGRESSIVE
-2,439400,439400,INTARIAN_PEPPER_ROOT,BUY,10436,6,AGGRESSIVE
-2,467000,467000,INTARIAN_PEPPER_ROOT,SELL,10473,1,MARKET_TRADE
-2,468400,468400,INTARIAN_PEPPER_ROOT,BUY,10470,1,AGGRESSIVE
-2,475500,475500,INTARIAN_PEPPER_ROOT,SELL,10481,7,MARKET_TRADE
-2,476700,476700,INTARIAN_PEPPER_ROOT,BUY,10473,6,AGGRESSIVE
-2,478200,478200,INTARIAN_PEPPER_ROOT,SELL,10472,11,AGGRESSIVE
-2,478200,478200,INTARIAN_PEPPER_ROOT,SELL,10470,1,AGGRESSIVE
-2,478200,478200,INTARIAN_PEPPER_ROOT,SELL,10481,6,AGGRESSIVE
-2,486800,486800,INTARIAN_PEPPER_ROOT,BUY,10483,6,AGGRESSIVE
-2,488000,488000,INTARIAN_PEPPER_ROOT,BUY,10490,6,AGGRESSIVE
-2,489400,489400,INTARIAN_PEPPER_ROOT,BUY,10491,7,AGGRESSIVE
-2,501200,501200,INTARIAN_PEPPER_ROOT,SELL,10507,5,MARKET_TRADE
-2,502300,502300,INTARIAN_PEPPER_ROOT,BUY,10497,3,MARKET_TRADE
-2,506000,506000,INTARIAN_PEPPER_ROOT,SELL,10509,3,AGGRESSIVE
-2,508100,508100,INTARIAN_PEPPER_ROOT,SELL,10511,6,AGGRESSIVE
-2,508100,508100,INTARIAN_PEPPER_ROOT,SELL,10502,9,AGGRESSIVE
-2,509400,509400,INTARIAN_PEPPER_ROOT,BUY,10506,4,AGGRESSIVE
-2,509500,509500,INTARIAN_PEPPER_ROOT,BUY,10504,5,MARKET_TRADE
-2,511400,511400,INTARIAN_PEPPER_ROOT,BUY,10508,3,AGGRESSIVE
-2,512000,512000,INTARIAN_PEPPER_ROOT,BUY,10506,3,MARKET_TRADE
-2,514700,514700,INTARIAN_PEPPER_ROOT,BUY,10509,4,MARKET_TRADE
-2,516800,516800,INTARIAN_PEPPER_ROOT,BUY,10513,1,AGGRESSIVE
-2,530100,530100,INTARIAN_PEPPER_ROOT,SELL,10533,6,AGGRESSIVE
-2,532500,532500,INTARIAN_PEPPER_ROOT,BUY,10529,5,AGGRESSIVE
-2,533500,533500,INTARIAN_PEPPER_ROOT,BUY,10528,1,MARKET_TRADE
-2,550400,550400,INTARIAN_PEPPER_ROOT,SELL,10559,7,MARKET_TRADE
-2,556300,556300,INTARIAN_PEPPER_ROOT,BUY,10553,7,AGGRESSIVE
-2,560900,560900,INTARIAN_PEPPER_ROOT,SELL,10567,7,MARKET_TRADE
-2,568500,568500,INTARIAN_PEPPER_ROOT,BUY,10565,5,AGGRESSIVE
-2,570300,570300,INTARIAN_PEPPER_ROOT,BUY,10565,2,MARKET_TRADE
-2,582400,582400,INTARIAN_PEPPER_ROOT,SELL,10585,7,AGGRESSIVE
-2,585300,585300,INTARIAN_PEPPER_ROOT,BUY,10580,7,MARKET_TRADE
-2,586100,586100,INTARIAN_PEPPER_ROOT,SELL,10592,6,MARKET_TRADE
-2,586900,586900,INTARIAN_PEPPER_ROOT,BUY,10581,6,MARKET_TRADE
-2,601700,601700,INTARIAN_PEPPER_ROOT,SELL,10610,3,MARKET_TRADE
-2,602700,602700,INTARIAN_PEPPER_ROOT,BUY,10604,3,AGGRESSIVE
-2,613000,613000,INTARIAN_PEPPER_ROOT,SELL,10621,3,MARKET_TRADE
-2,614100,614100,INTARIAN_PEPPER_ROOT,BUY,10610,3,AGGRESSIVE
-2,628700,628700,INTARIAN_PEPPER_ROOT,SELL,10631,5,AGGRESSIVE
-2,633700,633700,INTARIAN_PEPPER_ROOT,BUY,10630,4,AGGRESSIVE
-2,636400,636400,INTARIAN_PEPPER_ROOT,SELL,10642,3,MARKET_TRADE
-2,639200,639200,INTARIAN_PEPPER_ROOT,BUY,10631,3,MARKET_TRADE
-2,640000,640000,INTARIAN_PEPPER_ROOT,BUY,10636,1,AGGRESSIVE
-2,640400,640400,INTARIAN_PEPPER_ROOT,SELL,10643,8,AGGRESSIVE
-2,640400,640400,INTARIAN_PEPPER_ROOT,SELL,10635,10,AGGRESSIVE
-2,643100,643100,INTARIAN_PEPPER_ROOT,BUY,10639,4,AGGRESSIVE
-2,643100,643100,INTARIAN_PEPPER_ROOT,BUY,10649,10,AGGRESSIVE
-2,644600,644600,INTARIAN_PEPPER_ROOT,BUY,10639,4,MARKET_TRADE
-2,648000,648000,INTARIAN_PEPPER_ROOT,SELL,10654,3,MARKET_TRADE
-2,650300,650300,INTARIAN_PEPPER_ROOT,BUY,10644,3,MARKET_TRADE
-2,650400,650400,INTARIAN_PEPPER_ROOT,SELL,10653,3,AGGRESSIVE
-2,652900,652900,INTARIAN_PEPPER_ROOT,SELL,10659,3,MARKET_TRADE
-2,654100,654100,INTARIAN_PEPPER_ROOT,BUY,10646,4,MARKET_TRADE
-2,654900,654900,INTARIAN_PEPPER_ROOT,SELL,10658,6,AGGRESSIVE
-2,654900,654900,INTARIAN_PEPPER_ROOT,SELL,10649,12,AGGRESSIVE
-2,655500,655500,INTARIAN_PEPPER_ROOT,BUY,10652,6,AGGRESSIVE
-2,655800,655800,INTARIAN_PEPPER_ROOT,BUY,10652,7,AGGRESSIVE
-2,662300,662300,INTARIAN_PEPPER_ROOT,SELL,10668,4,MARKET_TRADE
-2,662600,662600,INTARIAN_PEPPER_ROOT,BUY,10659,3,AGGRESSIVE
-2,662600,662600,INTARIAN_PEPPER_ROOT,BUY,10668,8,AGGRESSIVE
-2,676600,676600,INTARIAN_PEPPER_ROOT,SELL,10682,3,MARKET_TRADE
-2,681300,681300,INTARIAN_PEPPER_ROOT,BUY,10679,1,MARKET_TRADE
-2,683700,683700,INTARIAN_PEPPER_ROOT,BUY,10680,2,AGGRESSIVE
-2,687800,687800,INTARIAN_PEPPER_ROOT,SELL,10691,5,AGGRESSIVE
-2,687800,687800,INTARIAN_PEPPER_ROOT,SELL,10682,11,AGGRESSIVE
-2,687800,687800,INTARIAN_PEPPER_ROOT,SELL,10679,2,AGGRESSIVE
-2,692200,692200,INTARIAN_PEPPER_ROOT,BUY,10688,5,AGGRESSIVE
-2,692800,692800,INTARIAN_PEPPER_ROOT,BUY,10689,6,AGGRESSIVE
-2,693200,693200,INTARIAN_PEPPER_ROOT,BUY,10689,5,AGGRESSIVE
-2,698300,698300,INTARIAN_PEPPER_ROOT,SELL,10704,3,MARKET_TRADE
-2,702700,702700,INTARIAN_PEPPER_ROOT,BUY,10699,5,AGGRESSIVE
-2,720300,720300,INTARIAN_PEPPER_ROOT,SELL,10723,3,AGGRESSIVE
-2,721600,721600,INTARIAN_PEPPER_ROOT,BUY,10718,3,AGGRESSIVE
-2,727600,727600,INTARIAN_PEPPER_ROOT,SELL,10733,6,MARKET_TRADE
-2,728600,728600,INTARIAN_PEPPER_ROOT,BUY,10725,3,AGGRESSIVE
-2,728900,728900,INTARIAN_PEPPER_ROOT,SELL,10735,4,MARKET_TRADE
-2,738200,738200,INTARIAN_PEPPER_ROOT,BUY,10732,5,MARKET_TRADE
-2,740000,740000,INTARIAN_PEPPER_ROOT,SELL,10743,4,AGGRESSIVE
-2,740000,740000,INTARIAN_PEPPER_ROOT,SELL,10734,12,AGGRESSIVE
-2,740000,740000,INTARIAN_PEPPER_ROOT,SELL,10731,2,AGGRESSIVE
-2,740900,740900,INTARIAN_PEPPER_ROOT,SELL,10732,5,AGGRESSIVE
-2,740900,740900,INTARIAN_PEPPER_ROOT,SELL,10735,10,AGGRESSIVE
-2,740900,740900,INTARIAN_PEPPER_ROOT,SELL,10744,3,AGGRESSIVE
-2,741400,741400,INTARIAN_PEPPER_ROOT,BUY,10743,10,AGGRESSIVE
-2,741400,741400,INTARIAN_PEPPER_ROOT,BUY,10747,8,AGGRESSIVE
-2,742500,742500,INTARIAN_PEPPER_ROOT,BUY,10737,4,MARKET_TRADE
-2,745000,745000,INTARIAN_PEPPER_ROOT,BUY,10739,3,MARKET_TRADE
-2,747000,747000,INTARIAN_PEPPER_ROOT,SELL,10753,3,MARKET_TRADE
-2,748600,748600,INTARIAN_PEPPER_ROOT,BUY,10743,4,MARKET_TRADE
-2,749100,749100,INTARIAN_PEPPER_ROOT,BUY,10743,6,MARKET_TRADE
-2,750500,750500,INTARIAN_PEPPER_ROOT,BUY,10747,3,AGGRESSIVE
-2,756600,756600,INTARIAN_PEPPER_ROOT,SELL,10762,5,MARKET_TRADE
-2,757700,757700,INTARIAN_PEPPER_ROOT,BUY,10759,8,AGGRESSIVE
-2,765600,765600,INTARIAN_PEPPER_ROOT,SELL,10768,4,AGGRESSIVE
-2,766400,766400,INTARIAN_PEPPER_ROOT,BUY,10763,4,AGGRESSIVE
-2,771100,771100,INTARIAN_PEPPER_ROOT,SELL,10774,6,AGGRESSIVE
-2,771100,771100,INTARIAN_PEPPER_ROOT,SELL,10765,12,AGGRESSIVE
-2,777000,777000,INTARIAN_PEPPER_ROOT,BUY,10771,6,MARKET_TRADE
-2,777500,777500,INTARIAN_PEPPER_ROOT,BUY,10779,12,AGGRESSIVE
-2,778300,778300,INTARIAN_PEPPER_ROOT,SELL,10784,6,MARKET_TRADE
-2,779200,779200,INTARIAN_PEPPER_ROOT,BUY,10775,6,AGGRESSIVE
-2,782000,782000,INTARIAN_PEPPER_ROOT,SELL,10788,3,MARKET_TRADE
-2,783900,783900,INTARIAN_PEPPER_ROOT,BUY,10778,3,MARKET_TRADE
-2,789700,789700,INTARIAN_PEPPER_ROOT,SELL,10796,6,MARKET_TRADE
-2,790600,790600,INTARIAN_PEPPER_ROOT,BUY,10787,4,AGGRESSIVE
-2,794200,794200,INTARIAN_PEPPER_ROOT,BUY,10788,2,MARKET_TRADE
-2,795100,795100,INTARIAN_PEPPER_ROOT,SELL,10798,7,AGGRESSIVE
-2,795100,795100,INTARIAN_PEPPER_ROOT,SELL,10789,10,AGGRESSIVE
-2,795100,795100,INTARIAN_PEPPER_ROOT,SELL,10787,1,AGGRESSIVE
-2,795500,795500,INTARIAN_PEPPER_ROOT,BUY,10787,4,MARKET_TRADE
-2,795900,795900,INTARIAN_PEPPER_ROOT,BUY,10790,3,MARKET_TRADE
-2,796600,796600,INTARIAN_PEPPER_ROOT,BUY,10793,6,AGGRESSIVE
-2,797900,797900,INTARIAN_PEPPER_ROOT,SELL,10806,6,MARKET_TRADE
-2,799400,799400,INTARIAN_PEPPER_ROOT,BUY,10796,6,AGGRESSIVE
-2,800000,800000,INTARIAN_PEPPER_ROOT,BUY,10794,3,MARKET_TRADE
-2,802500,802500,INTARIAN_PEPPER_ROOT,SELL,10805,7,AGGRESSIVE
-2,804600,804600,INTARIAN_PEPPER_ROOT,SELL,10811,5,MARKET_TRADE
-2,809500,809500,INTARIAN_PEPPER_ROOT,SELL,10815,7,MARKET_TRADE
-2,809600,809600,INTARIAN_PEPPER_ROOT,SELL,10812,7,AGGRESSIVE
-2,809600,809600,INTARIAN_PEPPER_ROOT,SELL,10804,8,AGGRESSIVE
-2,809600,809600,INTARIAN_PEPPER_ROOT,SELL,10801,3,AGGRESSIVE
-2,812500,812500,INTARIAN_PEPPER_ROOT,BUY,10818,9,AGGRESSIVE
-2,813600,813600,INTARIAN_PEPPER_ROOT,SELL,10816,3,AGGRESSIVE
-2,814300,814300,INTARIAN_PEPPER_ROOT,BUY,10820,10,AGGRESSIVE
-2,814400,814400,INTARIAN_PEPPER_ROOT,BUY,10820,10,AGGRESSIVE
-2,819200,819200,INTARIAN_PEPPER_ROOT,SELL,10822,8,AGGRESSIVE
-2,819200,819200,INTARIAN_PEPPER_ROOT,SELL,10813,10,AGGRESSIVE
-2,822000,822000,INTARIAN_PEPPER_ROOT,BUY,10813,3,MARKET_TRADE
-2,824500,824500,INTARIAN_PEPPER_ROOT,BUY,10826,11,AGGRESSIVE
-2,826500,826500,INTARIAN_PEPPER_ROOT,BUY,10821,7,MARKET_TRADE
-2,834200,834200,INTARIAN_PEPPER_ROOT,SELL,10837,8,AGGRESSIVE
-2,834200,834200,INTARIAN_PEPPER_ROOT,SELL,10828,10,AGGRESSIVE
-2,835400,835400,INTARIAN_PEPPER_ROOT,BUY,10829,3,MARKET_TRADE
-2,835900,835900,INTARIAN_PEPPER_ROOT,BUY,10832,5,AGGRESSIVE
-2,839200,839200,INTARIAN_PEPPER_ROOT,BUY,10835,5,AGGRESSIVE
-2,840000,840000,INTARIAN_PEPPER_ROOT,BUY,10834,6,MARKET_TRADE
-2,840600,840600,INTARIAN_PEPPER_ROOT,BUY,10835,6,MARKET_TRADE
-2,841200,841200,INTARIAN_PEPPER_ROOT,SELL,10850,4,MARKET_TRADE
-2,842400,842400,INTARIAN_PEPPER_ROOT,SELL,10845,6,AGGRESSIVE
-2,842400,842400,INTARIAN_PEPPER_ROOT,SELL,10836,8,AGGRESSIVE
-2,842400,842400,INTARIAN_PEPPER_ROOT,SELL,10834,4,AGGRESSIVE
-2,843000,843000,INTARIAN_PEPPER_ROOT,BUY,10839,7,AGGRESSIVE
-2,844400,844400,INTARIAN_PEPPER_ROOT,BUY,10841,8,AGGRESSIVE
-2,844700,844700,INTARIAN_PEPPER_ROOT,BUY,10839,6,MARKET_TRADE
-2,845800,845800,INTARIAN_PEPPER_ROOT,BUY,10837,4,MARKET_TRADE
-2,847200,847200,INTARIAN_PEPPER_ROOT,SELL,10850,3,AGGRESSIVE
-2,847200,847200,INTARIAN_PEPPER_ROOT,SELL,10841,12,AGGRESSIVE
-2,847200,847200,INTARIAN_PEPPER_ROOT,SELL,10839,3,AGGRESSIVE
-2,850600,850600,INTARIAN_PEPPER_ROOT,BUY,10852,12,AGGRESSIVE
-2,851800,851800,INTARIAN_PEPPER_ROOT,SELL,10860,4,MARKET_TRADE
-2,853300,853300,INTARIAN_PEPPER_ROOT,BUY,10850,7,AGGRESSIVE
-2,855000,855000,INTARIAN_PEPPER_ROOT,BUY,10857,3,AGGRESSIVE
-2,869200,869200,INTARIAN_PEPPER_ROOT,SELL,10878,4,MARKET_TRADE
-2,870000,870000,INTARIAN_PEPPER_ROOT,BUY,10866,4,AGGRESSIVE
-2,872800,872800,INTARIAN_PEPPER_ROOT,SELL,10867,10,AGGRESSIVE
-2,872800,872800,INTARIAN_PEPPER_ROOT,SELL,10876,8,AGGRESSIVE
-2,875000,875000,INTARIAN_PEPPER_ROOT,BUY,10877,9,AGGRESSIVE
-2,878400,878400,INTARIAN_PEPPER_ROOT,SELL,10881,3,AGGRESSIVE
-2,878400,878400,INTARIAN_PEPPER_ROOT,SELL,10872,10,AGGRESSIVE
-2,878400,878400,INTARIAN_PEPPER_ROOT,SELL,10870,5,AGGRESSIVE
-2,883900,883900,INTARIAN_PEPPER_ROOT,BUY,10875,5,MARKET_TRADE
-2,886900,886900,INTARIAN_PEPPER_ROOT,BUY,10883,8,AGGRESSIVE
-2,889800,889800,INTARIAN_PEPPER_ROOT,BUY,10886,3,AGGRESSIVE
-2,893700,893700,INTARIAN_PEPPER_ROOT,SELL,10900,5,MARKET_TRADE
-2,895800,895800,INTARIAN_PEPPER_ROOT,BUY,10892,5,AGGRESSIVE
-2,896800,896800,INTARIAN_PEPPER_ROOT,BUY,10891,3,MARKET_TRADE
-2,898300,898300,INTARIAN_PEPPER_ROOT,SELL,10901,8,AGGRESSIVE
-2,898300,898300,INTARIAN_PEPPER_ROOT,SELL,10892,9,AGGRESSIVE
-2,898300,898300,INTARIAN_PEPPER_ROOT,SELL,10890,1,AGGRESSIVE
-2,900700,900700,INTARIAN_PEPPER_ROOT,BUY,10902,5,AGGRESSIVE
-2,901000,901000,INTARIAN_PEPPER_ROOT,SELL,10904,7,AGGRESSIVE
-2,901000,901000,INTARIAN_PEPPER_ROOT,SELL,10895,8,AGGRESSIVE
-2,901100,901100,INTARIAN_PEPPER_ROOT,BUY,10907,12,AGGRESSIVE
-2,901400,901400,INTARIAN_PEPPER_ROOT,SELL,10904,7,AGGRESSIVE
-2,902400,902400,INTARIAN_PEPPER_ROOT,SELL,10905,6,AGGRESSIVE
-2,902500,902500,INTARIAN_PEPPER_ROOT,BUY,10908,12,AGGRESSIVE
-2,903300,903300,INTARIAN_PEPPER_ROOT,BUY,10895,6,MARKET_TRADE
-2,905100,905100,INTARIAN_PEPPER_ROOT,BUY,10899,3,MARKET_TRADE
-2,905700,905700,INTARIAN_PEPPER_ROOT,BUY,10900,7,MARKET_TRADE
-2,908000,908000,INTARIAN_PEPPER_ROOT,SELL,10911,7,AGGRESSIVE
-2,908000,908000,INTARIAN_PEPPER_ROOT,SELL,10902,10,AGGRESSIVE
-2,910200,910200,INTARIAN_PEPPER_ROOT,BUY,10906,6,AGGRESSIVE
-2,911400,911400,INTARIAN_PEPPER_ROOT,BUY,10908,6,AGGRESSIVE
-2,911500,911500,INTARIAN_PEPPER_ROOT,SELL,10909,7,AGGRESSIVE
-2,911500,911500,INTARIAN_PEPPER_ROOT,SELL,10906,8,AGGRESSIVE
-2,912900,912900,INTARIAN_PEPPER_ROOT,SELL,10916,8,AGGRESSIVE
-2,912900,912900,INTARIAN_PEPPER_ROOT,SELL,10907,10,AGGRESSIVE
-2,913500,913500,INTARIAN_PEPPER_ROOT,BUY,10919,12,AGGRESSIVE
-2,914000,914000,INTARIAN_PEPPER_ROOT,BUY,10920,9,AGGRESSIVE
-2,914800,914800,INTARIAN_PEPPER_ROOT,SELL,10918,4,AGGRESSIVE
-2,914800,914800,INTARIAN_PEPPER_ROOT,SELL,10909,9,AGGRESSIVE
-2,914800,914800,INTARIAN_PEPPER_ROOT,SELL,10906,5,AGGRESSIVE
-2,914900,914900,INTARIAN_PEPPER_ROOT,BUY,10921,10,AGGRESSIVE
-2,915200,915200,INTARIAN_PEPPER_ROOT,BUY,10921,11,AGGRESSIVE
-2,915400,915400,INTARIAN_PEPPER_ROOT,BUY,10921,11,AGGRESSIVE
-2,915400,915400,INTARIAN_PEPPER_ROOT,BUY,10907,5,MARKET_TRADE
-2,916300,916300,INTARIAN_PEPPER_ROOT,SELL,10919,3,AGGRESSIVE
-2,916800,916800,INTARIAN_PEPPER_ROOT,SELL,10911,12,AGGRESSIVE
-2,916800,916800,INTARIAN_PEPPER_ROOT,SELL,10920,6,AGGRESSIVE
-2,917400,917400,INTARIAN_PEPPER_ROOT,SELL,10920,8,AGGRESSIVE
-2,917400,917400,INTARIAN_PEPPER_ROOT,SELL,10911,10,AGGRESSIVE
-2,917500,917500,INTARIAN_PEPPER_ROOT,BUY,10923,12,AGGRESSIVE
-2,917800,917800,INTARIAN_PEPPER_ROOT,SELL,10921,5,AGGRESSIVE
-2,917900,917900,INTARIAN_PEPPER_ROOT,BUY,10924,10,AGGRESSIVE
-2,918400,918400,INTARIAN_PEPPER_ROOT,BUY,10924,11,AGGRESSIVE
-2,921800,921800,INTARIAN_PEPPER_ROOT,SELL,10925,5,AGGRESSIVE
-2,921800,921800,INTARIAN_PEPPER_ROOT,SELL,10916,11,AGGRESSIVE
-2,921800,921800,INTARIAN_PEPPER_ROOT,SELL,10913,2,AGGRESSIVE
-2,924300,924300,INTARIAN_PEPPER_ROOT,BUY,10918,6,MARKET_TRADE
-2,924500,924500,INTARIAN_PEPPER_ROOT,BUY,10921,5,AGGRESSIVE
-2,924900,924900,INTARIAN_PEPPER_ROOT,SELL,10919,12,AGGRESSIVE
-2,927500,927500,INTARIAN_PEPPER_ROOT,SELL,10930,4,AGGRESSIVE
-2,927500,927500,INTARIAN_PEPPER_ROOT,SELL,10922,12,AGGRESSIVE
-2,927500,927500,INTARIAN_PEPPER_ROOT,SELL,10919,2,AGGRESSIVE
-2,927600,927600,INTARIAN_PEPPER_ROOT,BUY,10934,11,AGGRESSIVE
-2,927700,927700,INTARIAN_PEPPER_ROOT,BUY,10929,8,AGGRESSIVE
-2,927700,927700,INTARIAN_PEPPER_ROOT,BUY,10934,9,AGGRESSIVE
-2,929200,929200,INTARIAN_PEPPER_ROOT,BUY,10923,5,MARKET_TRADE
-2,931900,931900,INTARIAN_PEPPER_ROOT,SELL,10923,4,AGGRESSIVE
-2,931900,931900,INTARIAN_PEPPER_ROOT,SELL,10926,9,AGGRESSIVE
-2,931900,931900,INTARIAN_PEPPER_ROOT,SELL,10935,5,AGGRESSIVE
-2,932200,932200,INTARIAN_PEPPER_ROOT,BUY,10928,8,AGGRESSIVE
-2,932200,932200,INTARIAN_PEPPER_ROOT,BUY,10938,10,AGGRESSIVE
-2,932300,932300,INTARIAN_PEPPER_ROOT,BUY,10926,3,MARKET_TRADE
-2,933700,933700,INTARIAN_PEPPER_ROOT,SELL,10936,6,AGGRESSIVE
-2,933700,933700,INTARIAN_PEPPER_ROOT,SELL,10928,12,AGGRESSIVE
-2,934000,934000,INTARIAN_PEPPER_ROOT,BUY,10928,5,MARKET_TRADE
-2,934800,934800,INTARIAN_PEPPER_ROOT,BUY,10931,8,AGGRESSIVE
-2,935600,935600,INTARIAN_PEPPER_ROOT,SELL,10927,15,AGGRESSIVE
-2,935600,935600,INTARIAN_PEPPER_ROOT,SELL,10938,3,AGGRESSIVE
-2,936500,936500,INTARIAN_PEPPER_ROOT,BUY,10942,11,AGGRESSIVE
-2,939500,939500,INTARIAN_PEPPER_ROOT,BUY,10936,3,AGGRESSIVE
-2,942600,942600,INTARIAN_PEPPER_ROOT,BUY,10937,6,MARKET_TRADE
-2,944100,944100,INTARIAN_PEPPER_ROOT,SELL,10947,6,AGGRESSIVE
-2,944700,944700,INTARIAN_PEPPER_ROOT,BUY,10941,3,AGGRESSIVE
-2,944800,944800,INTARIAN_PEPPER_ROOT,SELL,10939,9,AGGRESSIVE
-2,944800,944800,INTARIAN_PEPPER_ROOT,SELL,10936,9,AGGRESSIVE
-2,945200,945200,INTARIAN_PEPPER_ROOT,BUY,10941,6,AGGRESSIVE
-2,945200,945200,INTARIAN_PEPPER_ROOT,BUY,10951,11,AGGRESSIVE
-2,947900,947900,INTARIAN_PEPPER_ROOT,BUY,10942,3,MARKET_TRADE
-2,950200,950200,INTARIAN_PEPPER_ROOT,BUY,10952,6,AGGRESSIVE
-2,951600,951600,INTARIAN_PEPPER_ROOT,BUY,10953,10,AGGRESSIVE
-2,952500,952500,INTARIAN_PEPPER_ROOT,BUY,10949,7,AGGRESSIVE
-2,967600,967600,INTARIAN_PEPPER_ROOT,SELL,10962,10,AGGRESSIVE
-2,967600,967600,INTARIAN_PEPPER_ROOT,SELL,10959,8,AGGRESSIVE
-2,968800,968800,INTARIAN_PEPPER_ROOT,SELL,10972,8,AGGRESSIVE
-2,968800,968800,INTARIAN_PEPPER_ROOT,SELL,10963,10,AGGRESSIVE
-2,969300,969300,INTARIAN_PEPPER_ROOT,BUY,10975,10,AGGRESSIVE
-2,970400,970400,INTARIAN_PEPPER_ROOT,BUY,10972,8,AGGRESSIVE
-2,973900,973900,INTARIAN_PEPPER_ROOT,SELL,10980,6,MARKET_TRADE
-2,975900,975900,INTARIAN_PEPPER_ROOT,BUY,10972,7,AGGRESSIVE
-2,978600,978600,INTARIAN_PEPPER_ROOT,BUY,10975,7,AGGRESSIVE
-2,979600,979600,INTARIAN_PEPPER_ROOT,SELL,10974,8,AGGRESSIVE
-2,979600,979600,INTARIAN_PEPPER_ROOT,SELL,10971,10,AGGRESSIVE
-2,979800,979800,INTARIAN_PEPPER_ROOT,SELL,10974,11,AGGRESSIVE
-2,979800,979800,INTARIAN_PEPPER_ROOT,SELL,10971,7,AGGRESSIVE
-2,980100,980100,INTARIAN_PEPPER_ROOT,BUY,10986,9,AGGRESSIVE
-2,980400,980400,INTARIAN_PEPPER_ROOT,BUY,10986,10,AGGRESSIVE
-2,981800,981800,INTARIAN_PEPPER_ROOT,BUY,10983,11,AGGRESSIVE
-2,981900,981900,INTARIAN_PEPPER_ROOT,SELL,10976,12,AGGRESSIVE
-2,981900,981900,INTARIAN_PEPPER_ROOT,SELL,10973,3,AGGRESSIVE
-2,981900,981900,INTARIAN_PEPPER_ROOT,SELL,10985,3,AGGRESSIVE
-2,982600,982600,INTARIAN_PEPPER_ROOT,BUY,10974,7,MARKET_TRADE
-2,985200,985200,INTARIAN_PEPPER_ROOT,SELL,10979,10,AGGRESSIVE
-2,985200,985200,INTARIAN_PEPPER_ROOT,SELL,10994,4,MARKET_TRADE
-2,986100,986100,INTARIAN_PEPPER_ROOT,BUY,10992,10,AGGRESSIVE
-2,986200,986200,INTARIAN_PEPPER_ROOT,BUY,10992,12,AGGRESSIVE
-2,989100,989100,INTARIAN_PEPPER_ROOT,BUY,10980,6,MARKET_TRADE
-2,993500,993500,INTARIAN_PEPPER_ROOT,BUY,10995,10,AGGRESSIVE
-1,900,1000900,INTARIAN_PEPPER_ROOT,BUY,11007,10,AGGRESSIVE
-1,1000,1001000,INTARIAN_PEPPER_ROOT,BUY,11007,12,AGGRESSIVE
-1,1200,1001200,INTARIAN_PEPPER_ROOT,SELL,10995,10,AGGRESSIVE
-1,1300,1001300,INTARIAN_PEPPER_ROOT,BUY,11007,12,AGGRESSIVE
-1,3000,1003000,INTARIAN_PEPPER_ROOT,BUY,10999,8,AGGRESSIVE
-1,3400,1003400,INTARIAN_PEPPER_ROOT,BUY,11009,9,AGGRESSIVE
-1,4200,1004200,INTARIAN_PEPPER_ROOT,BUY,11010,11,AGGRESSIVE
-1,4200,1004200,INTARIAN_PEPPER_ROOT,BUY,10995,4,MARKET_TRADE
-1,4800,1004800,INTARIAN_PEPPER_ROOT,BUY,11001,7,AGGRESSIVE
-1,4800,1004800,INTARIAN_PEPPER_ROOT,BUY,11011,11,AGGRESSIVE
-1,6300,1006300,INTARIAN_PEPPER_ROOT,BUY,11000,4,MARKET_TRADE
-1,8500,1008500,INTARIAN_PEPPER_ROOT,BUY,11005,2,AGGRESSIVE
-1,25800,1025800,INTARIAN_PEPPER_ROOT,SELL,11029,3,AGGRESSIVE
-1,30000,1030000,INTARIAN_PEPPER_ROOT,BUY,11032,3,AGGRESSIVE
-1,31600,1031600,INTARIAN_PEPPER_ROOT,SELL,11034,3,AGGRESSIVE
-1,34900,1034900,INTARIAN_PEPPER_ROOT,SELL,11044,2,MARKET_TRADE
-1,37100,1037100,INTARIAN_PEPPER_ROOT,SELL,11040,3,AGGRESSIVE
-1,38100,1038100,INTARIAN_PEPPER_ROOT,BUY,11034,7,AGGRESSIVE
-1,38500,1038500,INTARIAN_PEPPER_ROOT,BUY,11032,1,MARKET_TRADE
-1,43700,1043700,INTARIAN_PEPPER_ROOT,SELL,11047,4,AGGRESSIVE
-1,44800,1044800,INTARIAN_PEPPER_ROOT,BUY,11039,3,MARKET_TRADE
-1,48700,1048700,INTARIAN_PEPPER_ROOT,BUY,11045,1,AGGRESSIVE
-1,63900,1063900,INTARIAN_PEPPER_ROOT,SELL,11067,4,AGGRESSIVE
-1,64500,1064500,INTARIAN_PEPPER_ROOT,BUY,11061,4,AGGRESSIVE
-1,74000,1074000,INTARIAN_PEPPER_ROOT,SELL,11080,5,MARKET_TRADE
-1,77200,1077200,INTARIAN_PEPPER_ROOT,BUY,11073,3,AGGRESSIVE
-1,80400,1080400,INTARIAN_PEPPER_ROOT,BUY,11077,2,AGGRESSIVE
-1,81700,1081700,INTARIAN_PEPPER_ROOT,SELL,11088,6,MARKET_TRADE
-1,87900,1087900,INTARIAN_PEPPER_ROOT,BUY,11090,6,AGGRESSIVE
-1,93100,1093100,INTARIAN_PEPPER_ROOT,SELL,11096,6,AGGRESSIVE
-1,94600,1094600,INTARIAN_PEPPER_ROOT,BUY,11091,6,AGGRESSIVE
-1,101600,1101600,INTARIAN_PEPPER_ROOT,SELL,11104,6,AGGRESSIVE
-1,101600,1101600,INTARIAN_PEPPER_ROOT,SELL,11096,12,AGGRESSIVE
-1,102300,1102300,INTARIAN_PEPPER_ROOT,BUY,11098,8,AGGRESSIVE
-1,103400,1103400,INTARIAN_PEPPER_ROOT,BUY,11109,6,AGGRESSIVE
-1,103400,1103400,INTARIAN_PEPPER_ROOT,BUY,11100,4,AGGRESSIVE
-1,108800,1108800,INTARIAN_PEPPER_ROOT,SELL,11115,5,MARKET_TRADE
-1,108900,1108900,INTARIAN_PEPPER_ROOT,BUY,11105,5,AGGRESSIVE
-1,123400,1123400,INTARIAN_PEPPER_ROOT,SELL,11132,5,MARKET_TRADE
-1,124900,1124900,INTARIAN_PEPPER_ROOT,BUY,11119,5,MARKET_TRADE
-1,139600,1139600,INTARIAN_PEPPER_ROOT,SELL,11146,1,MARKET_TRADE
-1,140700,1140700,INTARIAN_PEPPER_ROOT,SELL,11144,4,AGGRESSIVE
-1,143800,1143800,INTARIAN_PEPPER_ROOT,BUY,11140,5,AGGRESSIVE
-1,163300,1163300,INTARIAN_PEPPER_ROOT,SELL,11166,4,AGGRESSIVE
-1,172400,1172400,INTARIAN_PEPPER_ROOT,BUY,11169,4,AGGRESSIVE
-1,184800,1184800,INTARIAN_PEPPER_ROOT,SELL,11188,7,AGGRESSIVE
-1,188300,1188300,INTARIAN_PEPPER_ROOT,BUY,11184,4,AGGRESSIVE
-1,191300,1191300,INTARIAN_PEPPER_ROOT,BUY,11185,3,MARKET_TRADE
-1,199000,1199000,INTARIAN_PEPPER_ROOT,SELL,11202,3,AGGRESSIVE
-1,199000,1199000,INTARIAN_PEPPER_ROOT,SELL,11193,9,AGGRESSIVE
-1,199000,1199000,INTARIAN_PEPPER_ROOT,SELL,11190,6,AGGRESSIVE
-1,201800,1201800,INTARIAN_PEPPER_ROOT,BUY,11198,6,AGGRESSIVE
-1,204000,1204000,INTARIAN_PEPPER_ROOT,BUY,11200,5,AGGRESSIVE
-1,211700,1211700,INTARIAN_PEPPER_ROOT,BUY,11206,4,MARKET_TRADE
-1,214500,1214500,INTARIAN_PEPPER_ROOT,BUY,11211,3,AGGRESSIVE
-1,216500,1216500,INTARIAN_PEPPER_ROOT,SELL,11210,10,AGGRESSIVE
-1,216500,1216500,INTARIAN_PEPPER_ROOT,SELL,11219,8,AGGRESSIVE
-1,218400,1218400,INTARIAN_PEPPER_ROOT,BUY,11215,4,AGGRESSIVE
-1,219500,1219500,INTARIAN_PEPPER_ROOT,BUY,11221,8,AGGRESSIVE
-1,222800,1222800,INTARIAN_PEPPER_ROOT,BUY,11217,4,MARKET_TRADE
-1,224600,1224600,INTARIAN_PEPPER_ROOT,SELL,11227,8,AGGRESSIVE
-1,224600,1224600,INTARIAN_PEPPER_ROOT,SELL,11218,10,AGGRESSIVE
-1,226500,1226500,INTARIAN_PEPPER_ROOT,SELL,11229,3,AGGRESSIVE
-1,226500,1226500,INTARIAN_PEPPER_ROOT,SELL,11220,12,AGGRESSIVE
-1,226500,1226500,INTARIAN_PEPPER_ROOT,SELL,11218,3,AGGRESSIVE
-1,228000,1228000,INTARIAN_PEPPER_ROOT,BUY,11234,9,AGGRESSIVE
-1,229200,1229200,INTARIAN_PEPPER_ROOT,BUY,11235,8,AGGRESSIVE
-1,229500,1229500,INTARIAN_PEPPER_ROOT,BUY,11223,4,MARKET_TRADE
-1,229800,1229800,INTARIAN_PEPPER_ROOT,BUY,11232,11,AGGRESSIVE
-1,233600,1233600,INTARIAN_PEPPER_ROOT,BUY,11230,4,AGGRESSIVE
-1,236800,1236800,INTARIAN_PEPPER_ROOT,BUY,11233,2,AGGRESSIVE
-1,250500,1250500,INTARIAN_PEPPER_ROOT,SELL,11253,3,AGGRESSIVE
-1,263800,1263800,INTARIAN_PEPPER_ROOT,BUY,11258,2,MARKET_TRADE
-1,263900,1263900,INTARIAN_PEPPER_ROOT,BUY,11258,1,MARKET_TRADE
-1,282100,1282100,INTARIAN_PEPPER_ROOT,SELL,11285,4,AGGRESSIVE
-1,284300,1284300,INTARIAN_PEPPER_ROOT,BUY,11286,4,AGGRESSIVE
-1,287400,1287400,INTARIAN_PEPPER_ROOT,SELL,11290,4,AGGRESSIVE
-1,301200,1301200,INTARIAN_PEPPER_ROOT,BUY,11297,4,AGGRESSIVE
-1,307100,1307100,INTARIAN_PEPPER_ROOT,SELL,11310,4,AGGRESSIVE
-1,307100,1307100,INTARIAN_PEPPER_ROOT,SELL,11298,14,AGGRESSIVE
-1,309100,1309100,INTARIAN_PEPPER_ROOT,BUY,11300,5,MARKET_TRADE
-1,309900,1309900,INTARIAN_PEPPER_ROOT,BUY,11312,6,AGGRESSIVE
-1,313200,1313200,INTARIAN_PEPPER_ROOT,BUY,11309,6,AGGRESSIVE
-1,313600,1313600,INTARIAN_PEPPER_ROOT,BUY,11310,1,AGGRESSIVE
-1,322100,1322100,INTARIAN_PEPPER_ROOT,SELL,11325,8,AGGRESSIVE
-1,322100,1322100,INTARIAN_PEPPER_ROOT,SELL,11316,10,AGGRESSIVE
-1,324600,1324600,INTARIAN_PEPPER_ROOT,BUY,11318,4,MARKET_TRADE
-1,325100,1325100,INTARIAN_PEPPER_ROOT,BUY,11319,5,MARKET_TRADE
-1,329700,1329700,INTARIAN_PEPPER_ROOT,BUY,11326,4,AGGRESSIVE
-1,332300,1332300,INTARIAN_PEPPER_ROOT,BUY,11328,5,AGGRESSIVE
-1,337700,1337700,INTARIAN_PEPPER_ROOT,SELL,11344,4,MARKET_TRADE
-1,338300,1338300,INTARIAN_PEPPER_ROOT,BUY,11334,4,AGGRESSIVE
-1,351600,1351600,INTARIAN_PEPPER_ROOT,SELL,11361,4,MARKET_TRADE
-1,352200,1352200,INTARIAN_PEPPER_ROOT,BUY,11348,4,AGGRESSIVE
-1,360800,1360800,INTARIAN_PEPPER_ROOT,SELL,11364,5,AGGRESSIVE
-1,363600,1363600,INTARIAN_PEPPER_ROOT,BUY,11357,5,MARKET_TRADE
-1,367800,1367800,INTARIAN_PEPPER_ROOT,SELL,11371,5,AGGRESSIVE
-1,369200,1369200,INTARIAN_PEPPER_ROOT,BUY,11363,3,MARKET_TRADE
-1,371200,1371200,INTARIAN_PEPPER_ROOT,BUY,11365,2,MARKET_TRADE
-1,376700,1376700,INTARIAN_PEPPER_ROOT,SELL,11371,11,AGGRESSIVE
-1,376700,1376700,INTARIAN_PEPPER_ROOT,SELL,11368,7,AGGRESSIVE
-1,378200,1378200,INTARIAN_PEPPER_ROOT,SELL,11387,3,MARKET_TRADE
-1,380700,1380700,INTARIAN_PEPPER_ROOT,BUY,11377,4,AGGRESSIVE
-1,380700,1380700,INTARIAN_PEPPER_ROOT,BUY,11387,12,AGGRESSIVE
-1,385700,1385700,INTARIAN_PEPPER_ROOT,BUY,11387,5,AGGRESSIVE
-1,387000,1387000,INTARIAN_PEPPER_ROOT,SELL,11390,3,AGGRESSIVE
-1,387000,1387000,INTARIAN_PEPPER_ROOT,SELL,11381,8,AGGRESSIVE
-1,387000,1387000,INTARIAN_PEPPER_ROOT,SELL,11378,7,AGGRESSIVE
-1,390400,1390400,INTARIAN_PEPPER_ROOT,BUY,11392,8,AGGRESSIVE
-1,393200,1393200,INTARIAN_PEPPER_ROOT,BUY,11389,7,AGGRESSIVE
-1,393900,1393900,INTARIAN_PEPPER_ROOT,BUY,11396,3,AGGRESSIVE
-1,397600,1397600,INTARIAN_PEPPER_ROOT,SELL,11401,6,AGGRESSIVE
-1,397600,1397600,INTARIAN_PEPPER_ROOT,SELL,11391,12,AGGRESSIVE
-1,398800,1398800,INTARIAN_PEPPER_ROOT,BUY,11395,5,AGGRESSIVE
-1,398900,1398900,INTARIAN_PEPPER_ROOT,BUY,11395,6,AGGRESSIVE
-1,399000,1399000,INTARIAN_PEPPER_ROOT,BUY,11395,7,AGGRESSIVE
-1,400300,1400300,INTARIAN_PEPPER_ROOT,SELL,11403,8,AGGRESSIVE
-1,400800,1400800,INTARIAN_PEPPER_ROOT,BUY,11397,4,AGGRESSIVE
-1,404200,1404200,INTARIAN_PEPPER_ROOT,BUY,11406,4,AGGRESSIVE
-1,407300,1407300,INTARIAN_PEPPER_ROOT,SELL,11410,6,AGGRESSIVE
-1,409300,1409300,INTARIAN_PEPPER_ROOT,BUY,11405,5,AGGRESSIVE
-1,412600,1412600,INTARIAN_PEPPER_ROOT,BUY,11406,1,MARKET_TRADE
-1,413500,1413500,INTARIAN_PEPPER_ROOT,SELL,11420,3,MARKET_TRADE
-1,414100,1414100,INTARIAN_PEPPER_ROOT,BUY,11410,3,AGGRESSIVE
-1,429400,1429400,INTARIAN_PEPPER_ROOT,SELL,11432,4,AGGRESSIVE
-1,429400,1429400,INTARIAN_PEPPER_ROOT,SELL,11420,14,AGGRESSIVE
-1,429600,1429600,INTARIAN_PEPPER_ROOT,BUY,11426,3,AGGRESSIVE
-1,431600,1431600,INTARIAN_PEPPER_ROOT,BUY,11425,7,MARKET_TRADE
-1,432300,1432300,INTARIAN_PEPPER_ROOT,BUY,11426,7,MARKET_TRADE
-1,433700,1433700,INTARIAN_PEPPER_ROOT,BUY,11435,1,AGGRESSIVE
-1,435500,1435500,INTARIAN_PEPPER_ROOT,SELL,11438,5,AGGRESSIVE
-1,435600,1435600,INTARIAN_PEPPER_ROOT,BUY,11432,5,AGGRESSIVE
-1,437200,1437200,INTARIAN_PEPPER_ROOT,SELL,11440,6,AGGRESSIVE
-1,442500,1442500,INTARIAN_PEPPER_ROOT,BUY,11439,6,AGGRESSIVE
-1,443100,1443100,INTARIAN_PEPPER_ROOT,SELL,11446,3,AGGRESSIVE
-1,443100,1443100,INTARIAN_PEPPER_ROOT,SELL,11437,10,AGGRESSIVE
-1,446900,1446900,INTARIAN_PEPPER_ROOT,BUY,11449,6,AGGRESSIVE
-1,448800,1448800,INTARIAN_PEPPER_ROOT,BUY,11445,6,AGGRESSIVE
-1,453500,1453500,INTARIAN_PEPPER_ROOT,BUY,11450,1,AGGRESSIVE
-1,454400,1454400,INTARIAN_PEPPER_ROOT,SELL,11457,7,AGGRESSIVE
-1,454500,1454500,INTARIAN_PEPPER_ROOT,BUY,11456,7,AGGRESSIVE
-1,455400,1455400,INTARIAN_PEPPER_ROOT,SELL,11464,5,MARKET_TRADE
-1,459200,1459200,INTARIAN_PEPPER_ROOT,SELL,11462,8,AGGRESSIVE
-1,460000,1460000,INTARIAN_PEPPER_ROOT,BUY,11454,6,MARKET_TRADE
-1,464100,1464100,INTARIAN_PEPPER_ROOT,BUY,11458,6,MARKET_TRADE
-1,472200,1472200,INTARIAN_PEPPER_ROOT,SELL,11475,6,AGGRESSIVE
-1,474500,1474500,INTARIAN_PEPPER_ROOT,BUY,11471,6,AGGRESSIVE
-1,478600,1478600,INTARIAN_PEPPER_ROOT,SELL,11482,6,AGGRESSIVE
-1,479500,1479500,INTARIAN_PEPPER_ROOT,BUY,11473,3,MARKET_TRADE
-1,484200,1484200,INTARIAN_PEPPER_ROOT,BUY,11478,2,MARKET_TRADE
-1,487200,1487200,INTARIAN_PEPPER_ROOT,SELL,11493,6,MARKET_TRADE
-1,488800,1488800,INTARIAN_PEPPER_ROOT,BUY,11483,5,MARKET_TRADE
-1,489300,1489300,INTARIAN_PEPPER_ROOT,BUY,11491,3,AGGRESSIVE
-1,498800,1498800,INTARIAN_PEPPER_ROOT,SELL,11502,3,AGGRESSIVE
-1,498800,1498800,INTARIAN_PEPPER_ROOT,SELL,11493,12,AGGRESSIVE
-1,498800,1498800,INTARIAN_PEPPER_ROOT,SELL,11490,3,AGGRESSIVE
-1,499300,1499300,INTARIAN_PEPPER_ROOT,BUY,11501,11,AGGRESSIVE
-1,504900,1504900,INTARIAN_PEPPER_ROOT,BUY,11499,4,MARKET_TRADE
-1,507700,1507700,INTARIAN_PEPPER_ROOT,BUY,11501,3,MARKET_TRADE
-1,524700,1524700,INTARIAN_PEPPER_ROOT,SELL,11528,7,AGGRESSIVE
-1,524700,1524700,INTARIAN_PEPPER_ROOT,SELL,11518,9,AGGRESSIVE
-1,525500,1525500,INTARIAN_PEPPER_ROOT,BUY,11516,6,MARKET_TRADE
-1,530500,1530500,INTARIAN_PEPPER_ROOT,BUY,11532,9,AGGRESSIVE
-1,532300,1532300,INTARIAN_PEPPER_ROOT,SELL,11535,5,AGGRESSIVE
-1,532300,1532300,INTARIAN_PEPPER_ROOT,SELL,11526,12,AGGRESSIVE
-1,532300,1532300,INTARIAN_PEPPER_ROOT,SELL,11523,1,AGGRESSIVE
-1,536800,1536800,INTARIAN_PEPPER_ROOT,BUY,11539,6,AGGRESSIVE
-1,537800,1537800,INTARIAN_PEPPER_ROOT,SELL,11541,7,AGGRESSIVE
-1,537800,1537800,INTARIAN_PEPPER_ROOT,SELL,11532,8,AGGRESSIVE
-1,537800,1537800,INTARIAN_PEPPER_ROOT,SELL,11529,3,AGGRESSIVE
-1,538100,1538100,INTARIAN_PEPPER_ROOT,BUY,11540,5,AGGRESSIVE
-1,539500,1539500,INTARIAN_PEPPER_ROOT,BUY,11541,10,AGGRESSIVE
-1,540300,1540300,INTARIAN_PEPPER_ROOT,BUY,11536,7,AGGRESSIVE
-1,544200,1544200,INTARIAN_PEPPER_ROOT,BUY,11535,3,MARKET_TRADE
-1,546900,1546900,INTARIAN_PEPPER_ROOT,BUY,11543,5,AGGRESSIVE
-1,547800,1547800,INTARIAN_PEPPER_ROOT,SELL,11557,5,MARKET_TRADE
-1,550300,1550300,INTARIAN_PEPPER_ROOT,BUY,11546,5,AGGRESSIVE
-1,552200,1552200,INTARIAN_PEPPER_ROOT,BUY,11548,1,AGGRESSIVE
-1,553500,1553500,INTARIAN_PEPPER_ROOT,SELL,11556,4,AGGRESSIVE
-1,553500,1553500,INTARIAN_PEPPER_ROOT,SELL,11544,14,AGGRESSIVE
-1,554600,1554600,INTARIAN_PEPPER_ROOT,BUY,11551,3,AGGRESSIVE
-1,554600,1554600,INTARIAN_PEPPER_ROOT,BUY,11561,12,AGGRESSIVE
-1,555600,1555600,INTARIAN_PEPPER_ROOT,SELL,11546,6,AGGRESSIVE
-1,555600,1555600,INTARIAN_PEPPER_ROOT,SELL,11559,3,AGGRESSIVE
-1,555600,1555600,INTARIAN_PEPPER_ROOT,SELL,11549,9,AGGRESSIVE
-1,556900,1556900,INTARIAN_PEPPER_ROOT,BUY,11553,5,AGGRESSIVE
-1,557700,1557700,INTARIAN_PEPPER_ROOT,BUY,11560,5,AGGRESSIVE
-1,560900,1560900,INTARIAN_PEPPER_ROOT,SELL,11564,3,AGGRESSIVE
-1,560900,1560900,INTARIAN_PEPPER_ROOT,SELL,11552,15,AGGRESSIVE
-1,561800,1561800,INTARIAN_PEPPER_ROOT,BUY,11564,12,AGGRESSIVE
-1,564100,1564100,INTARIAN_PEPPER_ROOT,BUY,11558,7,MARKET_TRADE
-1,567700,1567700,INTARIAN_PEPPER_ROOT,BUY,11570,9,AGGRESSIVE
-1,569500,1569500,INTARIAN_PEPPER_ROOT,BUY,11571,1,AGGRESSIVE
-1,586900,1586900,INTARIAN_PEPPER_ROOT,SELL,11590,7,AGGRESSIVE
-1,591600,1591600,INTARIAN_PEPPER_ROOT,BUY,11588,7,AGGRESSIVE
-1,599600,1599600,INTARIAN_PEPPER_ROOT,SELL,11606,4,MARKET_TRADE
-1,602300,1602300,INTARIAN_PEPPER_ROOT,BUY,11596,2,MARKET_TRADE
-1,605800,1605800,INTARIAN_PEPPER_ROOT,BUY,11597,2,MARKET_TRADE
-1,607900,1607900,INTARIAN_PEPPER_ROOT,SELL,11611,3,AGGRESSIVE
-1,611000,1611000,INTARIAN_PEPPER_ROOT,BUY,11607,3,AGGRESSIVE
-1,621600,1621600,INTARIAN_PEPPER_ROOT,SELL,11625,8,AGGRESSIVE
-1,621600,1621600,INTARIAN_PEPPER_ROOT,SELL,11615,10,AGGRESSIVE
-1,622100,1622100,INTARIAN_PEPPER_ROOT,BUY,11616,7,MARKET_TRADE
-1,623600,1623600,INTARIAN_PEPPER_ROOT,BUY,11617,3,MARKET_TRADE
-1,628200,1628200,INTARIAN_PEPPER_ROOT,BUY,11622,5,MARKET_TRADE
-1,631800,1631800,INTARIAN_PEPPER_ROOT,BUY,11625,3,MARKET_TRADE
-1,640900,1640900,INTARIAN_PEPPER_ROOT,SELL,11644,5,AGGRESSIVE
-1,640900,1640900,INTARIAN_PEPPER_ROOT,SELL,11635,8,AGGRESSIVE
-1,640900,1640900,INTARIAN_PEPPER_ROOT,SELL,11632,5,AGGRESSIVE
-1,642000,1642000,INTARIAN_PEPPER_ROOT,BUY,11638,4,AGGRESSIVE
-1,648800,1648800,INTARIAN_PEPPER_ROOT,BUY,11645,3,AGGRESSIVE
-1,648800,1648800,INTARIAN_PEPPER_ROOT,BUY,11655,10,AGGRESSIVE
-1,649200,1649200,INTARIAN_PEPPER_ROOT,BUY,11645,1,AGGRESSIVE
-1,654000,1654000,INTARIAN_PEPPER_ROOT,SELL,11645,2,AGGRESSIVE
-1,654000,1654000,INTARIAN_PEPPER_ROOT,SELL,11648,10,AGGRESSIVE
-1,654000,1654000,INTARIAN_PEPPER_ROOT,SELL,11657,6,AGGRESSIVE
-1,654500,1654500,INTARIAN_PEPPER_ROOT,BUY,11651,8,AGGRESSIVE
-1,655200,1655200,INTARIAN_PEPPER_ROOT,BUY,11649,5,MARKET_TRADE
-1,655800,1655800,INTARIAN_PEPPER_ROOT,BUY,11652,5,AGGRESSIVE
-1,656600,1656600,INTARIAN_PEPPER_ROOT,SELL,11660,3,AGGRESSIVE
-1,657600,1657600,INTARIAN_PEPPER_ROOT,BUY,11651,3,MARKET_TRADE
-1,665000,1665000,INTARIAN_PEPPER_ROOT,SELL,11671,1,MARKET_TRADE
-1,666000,1666000,INTARIAN_PEPPER_ROOT,SELL,11672,4,MARKET_TRADE
-1,667300,1667300,INTARIAN_PEPPER_ROOT,BUY,11663,3,AGGRESSIVE
-1,668200,1668200,INTARIAN_PEPPER_ROOT,BUY,11662,2,MARKET_TRADE
-1,668300,1668300,INTARIAN_PEPPER_ROOT,SELL,11671,8,AGGRESSIVE
-1,671600,1671600,INTARIAN_PEPPER_ROOT,BUY,11668,3,AGGRESSIVE
-1,672400,1672400,INTARIAN_PEPPER_ROOT,SELL,11675,6,AGGRESSIVE
-1,672400,1672400,INTARIAN_PEPPER_ROOT,SELL,11666,9,AGGRESSIVE
-1,672400,1672400,INTARIAN_PEPPER_ROOT,SELL,11663,3,AGGRESSIVE
-1,679000,1679000,INTARIAN_PEPPER_ROOT,BUY,11685,11,AGGRESSIVE
-1,679900,1679900,INTARIAN_PEPPER_ROOT,SELL,11689,4,MARKET_TRADE
-1,682000,1682000,INTARIAN_PEPPER_ROOT,BUY,11684,7,AGGRESSIVE
-1,684400,1684400,INTARIAN_PEPPER_ROOT,SELL,11678,10,AGGRESSIVE
-1,684400,1684400,INTARIAN_PEPPER_ROOT,SELL,11675,5,AGGRESSIVE
-1,684400,1684400,INTARIAN_PEPPER_ROOT,SELL,11687,3,AGGRESSIVE
-1,685900,1685900,INTARIAN_PEPPER_ROOT,BUY,11680,5,MARKET_TRADE
-1,686100,1686100,INTARIAN_PEPPER_ROOT,BUY,11682,3,AGGRESSIVE
-1,687000,1687000,INTARIAN_PEPPER_ROOT,BUY,11689,7,AGGRESSIVE
-1,689500,1689500,INTARIAN_PEPPER_ROOT,BUY,11683,6,MARKET_TRADE
-1,689700,1689700,INTARIAN_PEPPER_ROOT,BUY,11686,4,AGGRESSIVE
-1,695800,1695800,INTARIAN_PEPPER_ROOT,BUY,11689,2,MARKET_TRADE
-1,699800,1699800,INTARIAN_PEPPER_ROOT,SELL,11691,3,AGGRESSIVE
-1,699800,1699800,INTARIAN_PEPPER_ROOT,SELL,11703,5,AGGRESSIVE
-1,699800,1699800,INTARIAN_PEPPER_ROOT,SELL,11693,10,AGGRESSIVE
-1,700000,1700000,INTARIAN_PEPPER_ROOT,SELL,11709,5,MARKET_TRADE
-1,704100,1704100,INTARIAN_PEPPER_ROOT,BUY,11700,8,AGGRESSIVE
-1,704600,1704600,INTARIAN_PEPPER_ROOT,SELL,11708,7,AGGRESSIVE
-1,704600,1704600,INTARIAN_PEPPER_ROOT,SELL,11698,10,AGGRESSIVE
-1,706500,1706500,INTARIAN_PEPPER_ROOT,SELL,11710,6,AGGRESSIVE
-1,706500,1706500,INTARIAN_PEPPER_ROOT,SELL,11697,12,AGGRESSIVE
-1,706600,1706600,INTARIAN_PEPPER_ROOT,BUY,11713,9,AGGRESSIVE
-1,706800,1706800,INTARIAN_PEPPER_ROOT,BUY,11713,12,AGGRESSIVE
-1,707200,1707200,INTARIAN_PEPPER_ROOT,BUY,11701,6,MARKET_TRADE
-1,709200,1709200,INTARIAN_PEPPER_ROOT,BUY,11705,8,AGGRESSIVE
-1,709600,1709600,INTARIAN_PEPPER_ROOT,BUY,11706,5,AGGRESSIVE
-1,709800,1709800,INTARIAN_PEPPER_ROOT,BUY,11706,6,AGGRESSIVE
-1,710100,1710100,INTARIAN_PEPPER_ROOT,SELL,11713,5,AGGRESSIVE
-1,715900,1715900,INTARIAN_PEPPER_ROOT,BUY,11712,4,AGGRESSIVE
-1,716700,1716700,INTARIAN_PEPPER_ROOT,SELL,11723,5,MARKET_TRADE
-1,719200,1719200,INTARIAN_PEPPER_ROOT,BUY,11713,3,MARKET_TRADE
-1,720000,1720000,INTARIAN_PEPPER_ROOT,SELL,11723,6,AGGRESSIVE
-1,720000,1720000,INTARIAN_PEPPER_ROOT,SELL,11714,12,AGGRESSIVE
-1,721400,1721400,INTARIAN_PEPPER_ROOT,BUY,11715,3,MARKET_TRADE
-1,723200,1723200,INTARIAN_PEPPER_ROOT,SELL,11726,3,AGGRESSIVE
-1,725100,1725100,INTARIAN_PEPPER_ROOT,SELL,11719,10,AGGRESSIVE
-1,725100,1725100,INTARIAN_PEPPER_ROOT,SELL,11716,5,AGGRESSIVE
-1,725100,1725100,INTARIAN_PEPPER_ROOT,SELL,11728,3,AGGRESSIVE
-1,726700,1726700,INTARIAN_PEPPER_ROOT,BUY,11729,11,AGGRESSIVE
-1,727000,1727000,INTARIAN_PEPPER_ROOT,BUY,11729,7,AGGRESSIVE
-1,727000,1727000,INTARIAN_PEPPER_ROOT,BUY,11733,11,AGGRESSIVE
-1,727600,1727600,INTARIAN_PEPPER_ROOT,BUY,11724,3,AGGRESSIVE
-1,727700,1727700,INTARIAN_PEPPER_ROOT,SELL,11731,5,AGGRESSIVE
-1,727700,1727700,INTARIAN_PEPPER_ROOT,SELL,11721,10,AGGRESSIVE
-1,728300,1728300,INTARIAN_PEPPER_ROOT,BUY,11731,6,MARKET_TRADE
-1,730200,1730200,INTARIAN_PEPPER_ROOT,BUY,11721,7,MARKET_TRADE
-1,732100,1732100,INTARIAN_PEPPER_ROOT,SELL,11726,12,AGGRESSIVE
-1,732100,1732100,INTARIAN_PEPPER_ROOT,SELL,11723,3,AGGRESSIVE
-1,732100,1732100,INTARIAN_PEPPER_ROOT,SELL,11735,3,AGGRESSIVE
-1,732700,1732700,INTARIAN_PEPPER_ROOT,BUY,11726,6,MARKET_TRADE
-1,734100,1734100,INTARIAN_PEPPER_ROOT,BUY,11728,3,MARKET_TRADE
-1,736500,1736500,INTARIAN_PEPPER_ROOT,BUY,11730,4,MARKET_TRADE
-1,738600,1738600,INTARIAN_PEPPER_ROOT,BUY,11740,10,AGGRESSIVE
-1,740200,1740200,INTARIAN_PEPPER_ROOT,SELL,11743,5,AGGRESSIVE
-1,740200,1740200,INTARIAN_PEPPER_ROOT,SELL,11734,11,AGGRESSIVE
-1,740200,1740200,INTARIAN_PEPPER_ROOT,SELL,11731,2,AGGRESSIVE
-1,740400,1740400,INTARIAN_PEPPER_ROOT,BUY,11747,9,AGGRESSIVE
-1,740400,1740400,INTARIAN_PEPPER_ROOT,BUY,11736,3,AGGRESSIVE
-1,740700,1740700,INTARIAN_PEPPER_ROOT,SELL,11734,12,AGGRESSIVE
-1,740700,1740700,INTARIAN_PEPPER_ROOT,SELL,11731,1,AGGRESSIVE
-1,740700,1740700,INTARIAN_PEPPER_ROOT,SELL,11744,5,AGGRESSIVE
-1,746400,1746400,INTARIAN_PEPPER_ROOT,BUY,11742,6,AGGRESSIVE
-1,747600,1747600,INTARIAN_PEPPER_ROOT,BUY,11741,4,MARKET_TRADE
-1,751000,1751000,INTARIAN_PEPPER_ROOT,BUY,11747,6,AGGRESSIVE
-1,752200,1752200,INTARIAN_PEPPER_ROOT,SELL,11755,4,AGGRESSIVE
-1,752200,1752200,INTARIAN_PEPPER_ROOT,SELL,11746,8,AGGRESSIVE
-1,752200,1752200,INTARIAN_PEPPER_ROOT,SELL,11743,6,AGGRESSIVE
-1,754300,1754300,INTARIAN_PEPPER_ROOT,BUY,11748,3,MARKET_TRADE
-1,755200,1755200,INTARIAN_PEPPER_ROOT,BUY,11751,6,AGGRESSIVE
-1,757000,1757000,INTARIAN_PEPPER_ROOT,BUY,11751,4,MARKET_TRADE
-1,757600,1757600,INTARIAN_PEPPER_ROOT,SELL,11767,3,MARKET_TRADE
-1,760600,1760600,INTARIAN_PEPPER_ROOT,BUY,11757,3,AGGRESSIVE
-1,760600,1760600,INTARIAN_PEPPER_ROOT,BUY,11767,12,AGGRESSIVE
-1,761400,1761400,INTARIAN_PEPPER_ROOT,BUY,11757,4,AGGRESSIVE
-1,767200,1767200,INTARIAN_PEPPER_ROOT,SELL,11770,3,AGGRESSIVE
-1,770100,1770100,INTARIAN_PEPPER_ROOT,BUY,11764,6,MARKET_TRADE
-1,772500,1772500,INTARIAN_PEPPER_ROOT,BUY,11766,2,MARKET_TRADE
-1,778000,1778000,INTARIAN_PEPPER_ROOT,SELL,11780,6,MARKET_TRADE
-1,778200,1778200,INTARIAN_PEPPER_ROOT,BUY,11772,6,MARKET_TRADE
-1,783500,1783500,INTARIAN_PEPPER_ROOT,SELL,11790,6,MARKET_TRADE
-1,783800,1783800,INTARIAN_PEPPER_ROOT,BUY,11780,3,AGGRESSIVE
-1,785400,1785400,INTARIAN_PEPPER_ROOT,SELL,11788,6,AGGRESSIVE
-1,785400,1785400,INTARIAN_PEPPER_ROOT,SELL,11779,12,AGGRESSIVE
-1,785700,1785700,INTARIAN_PEPPER_ROOT,BUY,11782,6,AGGRESSIVE
-1,790200,1790200,INTARIAN_PEPPER_ROOT,BUY,11786,3,AGGRESSIVE
-1,790900,1790900,INTARIAN_PEPPER_ROOT,BUY,11787,8,AGGRESSIVE
-1,791000,1791000,INTARIAN_PEPPER_ROOT,BUY,11787,4,AGGRESSIVE
-1,808100,1808100,INTARIAN_PEPPER_ROOT,SELL,11811,7,AGGRESSIVE
-1,808100,1808100,INTARIAN_PEPPER_ROOT,SELL,11802,10,AGGRESSIVE
-1,808100,1808100,INTARIAN_PEPPER_ROOT,SELL,11799,1,AGGRESSIVE
-1,810100,1810100,INTARIAN_PEPPER_ROOT,SELL,11804,12,AGGRESSIVE
-1,810100,1810100,INTARIAN_PEPPER_ROOT,SELL,11813,6,AGGRESSIVE
-1,812900,1812900,INTARIAN_PEPPER_ROOT,BUY,11819,11,AGGRESSIVE
-1,815000,1815000,INTARIAN_PEPPER_ROOT,BUY,11811,3,AGGRESSIVE
-1,815100,1815100,INTARIAN_PEPPER_ROOT,SELL,11818,8,AGGRESSIVE
-1,815100,1815100,INTARIAN_PEPPER_ROOT,SELL,11809,10,AGGRESSIVE
-1,817100,1817100,INTARIAN_PEPPER_ROOT,BUY,11813,5,AGGRESSIVE
-1,818000,1818000,INTARIAN_PEPPER_ROOT,BUY,11812,6,MARKET_TRADE
-1,819300,1819300,INTARIAN_PEPPER_ROOT,BUY,11821,8,AGGRESSIVE
-1,820500,1820500,INTARIAN_PEPPER_ROOT,BUY,11811,7,MARKET_TRADE
-1,822500,1822500,INTARIAN_PEPPER_ROOT,BUY,11824,10,AGGRESSIVE
-1,823900,1823900,INTARIAN_PEPPER_ROOT,BUY,11817,4,MARKET_TRADE
-1,829300,1829300,INTARIAN_PEPPER_ROOT,SELL,11832,6,AGGRESSIVE
-1,829300,1829300,INTARIAN_PEPPER_ROOT,SELL,11823,10,AGGRESSIVE
-1,829600,1829600,INTARIAN_PEPPER_ROOT,BUY,11826,8,AGGRESSIVE
-1,830100,1830100,INTARIAN_PEPPER_ROOT,BUY,11826,6,AGGRESSIVE
-1,830900,1830900,INTARIAN_PEPPER_ROOT,BUY,11827,2,AGGRESSIVE
-1,836900,1836900,INTARIAN_PEPPER_ROOT,SELL,11840,5,AGGRESSIVE
-1,839400,1839400,INTARIAN_PEPPER_ROOT,SELL,11849,3,MARKET_TRADE
-1,846300,1846300,INTARIAN_PEPPER_ROOT,BUY,11840,3,MARKET_TRADE
-1,846600,1846600,INTARIAN_PEPPER_ROOT,BUY,11840,5,MARKET_TRADE
-1,848200,1848200,INTARIAN_PEPPER_ROOT,SELL,11839,6,AGGRESSIVE
-1,848200,1848200,INTARIAN_PEPPER_ROOT,SELL,11842,12,AGGRESSIVE
-1,849400,1849400,INTARIAN_PEPPER_ROOT,SELL,11852,5,AGGRESSIVE
-1,849400,1849400,INTARIAN_PEPPER_ROOT,SELL,11843,9,AGGRESSIVE
-1,851900,1851900,INTARIAN_PEPPER_ROOT,BUY,11848,4,AGGRESSIVE
-1,851900,1851900,INTARIAN_PEPPER_ROOT,BUY,11858,12,AGGRESSIVE
-1,852000,1852000,INTARIAN_PEPPER_ROOT,BUY,11854,7,AGGRESSIVE
-1,854700,1854700,INTARIAN_PEPPER_ROOT,SELL,11858,5,AGGRESSIVE
-1,854700,1854700,INTARIAN_PEPPER_ROOT,SELL,11848,11,AGGRESSIVE
-1,854700,1854700,INTARIAN_PEPPER_ROOT,SELL,11845,2,AGGRESSIVE
-1,856800,1856800,INTARIAN_PEPPER_ROOT,BUY,11853,8,AGGRESSIVE
-1,857100,1857100,INTARIAN_PEPPER_ROOT,SELL,11848,3,AGGRESSIVE
-1,857100,1857100,INTARIAN_PEPPER_ROOT,SELL,11860,5,AGGRESSIVE
-1,857100,1857100,INTARIAN_PEPPER_ROOT,SELL,11851,10,AGGRESSIVE
-1,858900,1858900,INTARIAN_PEPPER_ROOT,BUY,11865,9,AGGRESSIVE
-1,865100,1865100,INTARIAN_PEPPER_ROOT,BUY,11859,5,MARKET_TRADE
-1,865600,1865600,INTARIAN_PEPPER_ROOT,BUY,11867,4,AGGRESSIVE
-1,866000,1866000,INTARIAN_PEPPER_ROOT,BUY,11860,6,MARKET_TRADE
-1,867900,1867900,INTARIAN_PEPPER_ROOT,SELL,11871,6,AGGRESSIVE
-1,867900,1867900,INTARIAN_PEPPER_ROOT,SELL,11861,11,AGGRESSIVE
-1,867900,1867900,INTARIAN_PEPPER_ROOT,SELL,11858,1,AGGRESSIVE
-1,869700,1869700,INTARIAN_PEPPER_ROOT,BUY,11866,3,AGGRESSIVE
-1,870200,1870200,INTARIAN_PEPPER_ROOT,SELL,11864,10,AGGRESSIVE
-1,870200,1870200,INTARIAN_PEPPER_ROOT,SELL,11873,7,AGGRESSIVE
-1,870300,1870300,INTARIAN_PEPPER_ROOT,BUY,11864,6,MARKET_TRADE
-1,872000,1872000,INTARIAN_PEPPER_ROOT,BUY,11878,11,AGGRESSIVE
-1,872100,1872100,INTARIAN_PEPPER_ROOT,BUY,11874,8,AGGRESSIVE
-1,874600,1874600,INTARIAN_PEPPER_ROOT,BUY,11871,4,AGGRESSIVE
-1,875900,1875900,INTARIAN_PEPPER_ROOT,BUY,11878,9,AGGRESSIVE
-1,881400,1881400,INTARIAN_PEPPER_ROOT,BUY,11875,4,MARKET_TRADE
-1,886200,1886200,INTARIAN_PEPPER_ROOT,SELL,11893,7,MARKET_TRADE
-1,888900,1888900,INTARIAN_PEPPER_ROOT,BUY,11885,3,AGGRESSIVE
-1,889000,1889000,INTARIAN_PEPPER_ROOT,SELL,11880,18,AGGRESSIVE
-1,889100,1889100,INTARIAN_PEPPER_ROOT,SELL,11883,12,AGGRESSIVE
-1,889200,1889200,INTARIAN_PEPPER_ROOT,SELL,11892,4,AGGRESSIVE
-1,889200,1889200,INTARIAN_PEPPER_ROOT,SELL,11883,11,AGGRESSIVE
-1,889200,1889200,INTARIAN_PEPPER_ROOT,SELL,11880,3,AGGRESSIVE
-1,889800,1889800,INTARIAN_PEPPER_ROOT,BUY,11896,8,AGGRESSIVE
-1,891200,1891200,INTARIAN_PEPPER_ROOT,BUY,11893,9,AGGRESSIVE
-1,893300,1893300,INTARIAN_PEPPER_ROOT,SELL,11896,5,AGGRESSIVE
-1,893300,1893300,INTARIAN_PEPPER_ROOT,SELL,11887,12,AGGRESSIVE
-1,893400,1893400,INTARIAN_PEPPER_ROOT,BUY,11900,10,AGGRESSIVE
-1,893500,1893500,INTARIAN_PEPPER_ROOT,BUY,11900,12,AGGRESSIVE
-1,896500,1896500,INTARIAN_PEPPER_ROOT,SELL,11900,3,AGGRESSIVE
-1,896600,1896600,INTARIAN_PEPPER_ROOT,BUY,11903,11,AGGRESSIVE
-1,897900,1897900,INTARIAN_PEPPER_ROOT,SELL,11901,5,AGGRESSIVE
-1,897900,1897900,INTARIAN_PEPPER_ROOT,SELL,11891,11,AGGRESSIVE
-1,901000,1901000,INTARIAN_PEPPER_ROOT,BUY,11903,11,AGGRESSIVE
-1,901200,1901200,INTARIAN_PEPPER_ROOT,SELL,11904,4,AGGRESSIVE
-1,901200,1901200,INTARIAN_PEPPER_ROOT,SELL,11892,14,AGGRESSIVE
-1,902600,1902600,INTARIAN_PEPPER_ROOT,BUY,11909,11,AGGRESSIVE
-1,902900,1902900,INTARIAN_PEPPER_ROOT,BUY,11909,10,AGGRESSIVE
-1,903300,1903300,INTARIAN_PEPPER_ROOT,BUY,11899,7,AGGRESSIVE
-1,903900,1903900,INTARIAN_PEPPER_ROOT,SELL,11894,6,AGGRESSIVE
-1,903900,1903900,INTARIAN_PEPPER_ROOT,SELL,11907,4,AGGRESSIVE
-1,903900,1903900,INTARIAN_PEPPER_ROOT,SELL,11897,8,AGGRESSIVE
-1,904700,1904700,INTARIAN_PEPPER_ROOT,BUY,11901,6,AGGRESSIVE
-1,904700,1904700,INTARIAN_PEPPER_ROOT,BUY,11911,12,AGGRESSIVE
-1,905200,1905200,INTARIAN_PEPPER_ROOT,SELL,11908,7,AGGRESSIVE
-1,905200,1905200,INTARIAN_PEPPER_ROOT,SELL,11899,11,AGGRESSIVE
-1,905900,1905900,INTARIAN_PEPPER_ROOT,BUY,11912,8,AGGRESSIVE
-1,909300,1909300,INTARIAN_PEPPER_ROOT,SELL,11900,3,AGGRESSIVE
-1,909300,1909300,INTARIAN_PEPPER_ROOT,SELL,11912,4,AGGRESSIVE
-1,909300,1909300,INTARIAN_PEPPER_ROOT,SELL,11903,11,AGGRESSIVE
-1,909500,1909500,INTARIAN_PEPPER_ROOT,BUY,11916,8,AGGRESSIVE
-1,912400,1912400,INTARIAN_PEPPER_ROOT,BUY,11906,7,MARKET_TRADE
-1,913600,1913600,INTARIAN_PEPPER_ROOT,BUY,11910,6,AGGRESSIVE
-1,913600,1913600,INTARIAN_PEPPER_ROOT,BUY,11920,11,AGGRESSIVE
-1,915400,1915400,INTARIAN_PEPPER_ROOT,BUY,11911,6,AGGRESSIVE
-1,915600,1915600,INTARIAN_PEPPER_ROOT,SELL,11909,12,AGGRESSIVE
-1,915600,1915600,INTARIAN_PEPPER_ROOT,SELL,11906,6,AGGRESSIVE
-1,915700,1915700,INTARIAN_PEPPER_ROOT,SELL,11909,11,AGGRESSIVE
-1,918300,1918300,INTARIAN_PEPPER_ROOT,SELL,11921,3,AGGRESSIVE
-1,918800,1918800,INTARIAN_PEPPER_ROOT,BUY,11915,3,AGGRESSIVE
-1,919600,1919600,INTARIAN_PEPPER_ROOT,BUY,11926,10,AGGRESSIVE
-1,928100,1928100,INTARIAN_PEPPER_ROOT,SELL,11922,8,AGGRESSIVE
-1,928400,1928400,INTARIAN_PEPPER_ROOT,BUY,11930,6,AGGRESSIVE
-1,928800,1928800,INTARIAN_PEPPER_ROOT,SELL,11922,12,AGGRESSIVE
-1,929100,1929100,INTARIAN_PEPPER_ROOT,SELL,11932,5,AGGRESSIVE
-1,929100,1929100,INTARIAN_PEPPER_ROOT,SELL,11923,12,AGGRESSIVE
-1,929100,1929100,INTARIAN_PEPPER_ROOT,SELL,11920,1,AGGRESSIVE
-1,929400,1929400,INTARIAN_PEPPER_ROOT,BUY,11936,9,AGGRESSIVE
-1,931200,1931200,INTARIAN_PEPPER_ROOT,SELL,11934,6,AGGRESSIVE
-1,931200,1931200,INTARIAN_PEPPER_ROOT,SELL,11925,11,AGGRESSIVE
-1,931300,1931300,INTARIAN_PEPPER_ROOT,BUY,11938,8,AGGRESSIVE
-1,931400,1931400,INTARIAN_PEPPER_ROOT,BUY,11938,8,AGGRESSIVE
-1,932400,1932400,INTARIAN_PEPPER_ROOT,SELL,11935,8,AGGRESSIVE
-1,932500,1932500,INTARIAN_PEPPER_ROOT,BUY,11939,8,AGGRESSIVE
-1,932600,1932600,INTARIAN_PEPPER_ROOT,BUY,11939,11,AGGRESSIVE
-1,933200,1933200,INTARIAN_PEPPER_ROOT,BUY,11924,3,MARKET_TRADE
-1,933700,1933700,INTARIAN_PEPPER_ROOT,BUY,11936,11,AGGRESSIVE
-1,935700,1935700,INTARIAN_PEPPER_ROOT,BUY,11932,5,AGGRESSIVE
-1,935700,1935700,INTARIAN_PEPPER_ROOT,BUY,11942,8,AGGRESSIVE
-1,936200,1936200,INTARIAN_PEPPER_ROOT,SELL,11939,8,AGGRESSIVE
-1,936200,1936200,INTARIAN_PEPPER_ROOT,SELL,11927,10,AGGRESSIVE
-1,936300,1936300,INTARIAN_PEPPER_ROOT,BUY,11938,6,AGGRESSIVE
-1,938200,1938200,INTARIAN_PEPPER_ROOT,BUY,11934,3,AGGRESSIVE
-1,938400,1938400,INTARIAN_PEPPER_ROOT,SELL,11932,12,AGGRESSIVE
-1,939800,1939800,INTARIAN_PEPPER_ROOT,BUY,11936,8,AGGRESSIVE
-1,941600,1941600,INTARIAN_PEPPER_ROOT,BUY,11935,5,MARKET_TRADE
-1,944400,1944400,INTARIAN_PEPPER_ROOT,SELL,11954,7,MARKET_TRADE
-1,944800,1944800,INTARIAN_PEPPER_ROOT,BUY,11947,8,AGGRESSIVE
-1,947600,1947600,INTARIAN_PEPPER_ROOT,BUY,11941,7,MARKET_TRADE
-1,948600,1948600,INTARIAN_PEPPER_ROOT,BUY,11950,10,AGGRESSIVE
-1,949400,1949400,INTARIAN_PEPPER_ROOT,BUY,11945,5,AGGRESSIVE
-1,951800,1951800,INTARIAN_PEPPER_ROOT,SELL,11961,6,MARKET_TRADE
-1,952100,1952100,INTARIAN_PEPPER_ROOT,BUY,11946,3,MARKET_TRADE
-1,956100,1956100,INTARIAN_PEPPER_ROOT,BUY,11952,3,AGGRESSIVE
-1,958200,1958200,INTARIAN_PEPPER_ROOT,SELL,11961,7,AGGRESSIVE
-1,958200,1958200,INTARIAN_PEPPER_ROOT,SELL,11952,8,AGGRESSIVE
-1,963100,1963100,INTARIAN_PEPPER_ROOT,SELL,11966,5,AGGRESSIVE
-1,965400,1965400,INTARIAN_PEPPER_ROOT,BUY,11959,5,MARKET_TRADE
-1,968200,1968200,INTARIAN_PEPPER_ROOT,BUY,11962,7,MARKET_TRADE
-1,971500,1971500,INTARIAN_PEPPER_ROOT,BUY,11973,8,AGGRESSIVE
-1,973000,1973000,INTARIAN_PEPPER_ROOT,SELL,11967,12,AGGRESSIVE
-1,973100,1973100,INTARIAN_PEPPER_ROOT,SELL,11967,12,AGGRESSIVE
-1,973100,1973100,INTARIAN_PEPPER_ROOT,SELL,11964,6,AGGRESSIVE
-1,974400,1974400,INTARIAN_PEPPER_ROOT,SELL,11968,11,AGGRESSIVE
-1,974400,1974400,INTARIAN_PEPPER_ROOT,SELL,11977,5,AGGRESSIVE
-1,975500,1975500,INTARIAN_PEPPER_ROOT,SELL,11979,6,AGGRESSIVE
-1,975500,1975500,INTARIAN_PEPPER_ROOT,SELL,11969,11,AGGRESSIVE
-1,975600,1975600,INTARIAN_PEPPER_ROOT,BUY,11982,11,AGGRESSIVE
-1,975700,1975700,INTARIAN_PEPPER_ROOT,BUY,11982,12,AGGRESSIVE
-1,976100,1976100,INTARIAN_PEPPER_ROOT,BUY,11970,3,MARKET_TRADE
-1,976700,1976700,INTARIAN_PEPPER_ROOT,BUY,11970,6,MARKET_TRADE
-1,978700,1978700,INTARIAN_PEPPER_ROOT,BUY,11975,8,AGGRESSIVE
-1,980100,1980100,INTARIAN_PEPPER_ROOT,SELL,11974,12,AGGRESSIVE
-1,983700,1983700,INTARIAN_PEPPER_ROOT,BUY,11990,11,AGGRESSIVE
-1,983700,1983700,INTARIAN_PEPPER_ROOT,BUY,11980,7,AGGRESSIVE
-1,984300,1984300,INTARIAN_PEPPER_ROOT,SELL,11987,3,AGGRESSIVE
-1,984300,1984300,INTARIAN_PEPPER_ROOT,SELL,11978,8,AGGRESSIVE
-1,985700,1985700,INTARIAN_PEPPER_ROOT,SELL,11989,5,AGGRESSIVE
-1,986900,1986900,INTARIAN_PEPPER_ROOT,BUY,11983,8,AGGRESSIVE
-1,987000,1987000,INTARIAN_PEPPER_ROOT,SELL,11981,11,AGGRESSIVE
-1,987200,1987200,INTARIAN_PEPPER_ROOT,SELL,11981,10,AGGRESSIVE
-1,990300,1990300,INTARIAN_PEPPER_ROOT,SELL,11993,3,AGGRESSIVE
-1,991300,1991300,INTARIAN_PEPPER_ROOT,BUY,11985,7,MARKET_TRADE
-1,991900,1991900,INTARIAN_PEPPER_ROOT,SELL,11985,8,AGGRESSIVE
-1,991900,1991900,INTARIAN_PEPPER_ROOT,SELL,11995,6,AGGRESSIVE
-1,992000,1992000,INTARIAN_PEPPER_ROOT,BUY,11998,12,AGGRESSIVE
-1,993900,1993900,INTARIAN_PEPPER_ROOT,BUY,12000,12,AGGRESSIVE
-1,995200,1995200,INTARIAN_PEPPER_ROOT,BUY,11989,4,MARKET_TRADE
-1,995500,1995500,INTARIAN_PEPPER_ROOT,SELL,11989,9,AGGRESSIVE
0,1100,2001100,INTARIAN_PEPPER_ROOT,BUY,12008,12,AGGRESSIVE
0,1200,2001200,INTARIAN_PEPPER_ROOT,BUY,12008,8,AGGRESSIVE
0,1200,2001200,INTARIAN_PEPPER_ROOT,BUY,12011,10,AGGRESSIVE
0,1300,2001300,INTARIAN_PEPPER_ROOT,BUY,12008,8,AGGRESSIVE
0,2200,2002200,INTARIAN_PEPPER_ROOT,BUY,12009,12,AGGRESSIVE
0,2400,2002400,INTARIAN_PEPPER_ROOT,BUY,12009,12,AGGRESSIVE
0,3800,2003800,INTARIAN_PEPPER_ROOT,BUY,12006,6,AGGRESSIVE
0,4100,2004100,INTARIAN_PEPPER_ROOT,BUY,11998,6,MARKET_TRADE
0,5200,2005200,INTARIAN_PEPPER_ROOT,BUY,12001,3,AGGRESSIVE
0,6800,2006800,INTARIAN_PEPPER_ROOT,BUY,12000,2,MARKET_TRADE
0,9300,2009300,INTARIAN_PEPPER_ROOT,BUY,12005,1,AGGRESSIVE
0,11900,2011900,INTARIAN_PEPPER_ROOT,SELL,12015,4,AGGRESSIVE
0,11900,2011900,INTARIAN_PEPPER_ROOT,SELL,12005,11,AGGRESSIVE
0,11900,2011900,INTARIAN_PEPPER_ROOT,SELL,12002,3,AGGRESSIVE
0,15100,2015100,INTARIAN_PEPPER_ROOT,BUY,12017,7,AGGRESSIVE
0,19900,2019900,INTARIAN_PEPPER_ROOT,BUY,12016,7,AGGRESSIVE
0,20700,2020700,INTARIAN_PEPPER_ROOT,SELL,12024,4,AGGRESSIVE
0,22500,2022500,INTARIAN_PEPPER_ROOT,BUY,12018,4,AGGRESSIVE
0,23100,2023100,INTARIAN_PEPPER_ROOT,BUY,12014,3,MARKET_TRADE
0,23200,2023200,INTARIAN_PEPPER_ROOT,BUY,12019,1,AGGRESSIVE
0,29800,2029800,INTARIAN_PEPPER_ROOT,SELL,12033,4,AGGRESSIVE
0,36500,2036500,INTARIAN_PEPPER_ROOT,BUY,12032,4,AGGRESSIVE
0,38400,2038400,INTARIAN_PEPPER_ROOT,SELL,12042,3,AGGRESSIVE
0,39200,2039200,INTARIAN_PEPPER_ROOT,BUY,12033,3,MARKET_TRADE
0,54900,2054900,INTARIAN_PEPPER_ROOT,SELL,12058,4,AGGRESSIVE
0,61900,2061900,INTARIAN_PEPPER_ROOT,SELL,12055,11,AGGRESSIVE
0,61900,2061900,INTARIAN_PEPPER_ROOT,SELL,12052,2,AGGRESSIVE
0,61900,2061900,INTARIAN_PEPPER_ROOT,SELL,12065,5,AGGRESSIVE
0,65800,2065800,INTARIAN_PEPPER_ROOT,BUY,12068,6,AGGRESSIVE
0,65800,2065800,INTARIAN_PEPPER_ROOT,BUY,12059,4,MARKET_TRADE
0,67100,2067100,INTARIAN_PEPPER_ROOT,BUY,12061,4,MARKET_TRADE
0,68200,2068200,INTARIAN_PEPPER_ROOT,BUY,12059,3,MARKET_TRADE
0,73300,2073300,INTARIAN_PEPPER_ROOT,BUY,12075,5,AGGRESSIVE
0,74500,2074500,INTARIAN_PEPPER_ROOT,SELL,12081,6,MARKET_TRADE
0,75000,2075000,INTARIAN_PEPPER_ROOT,BUY,12068,5,MARKET_TRADE
0,75800,2075800,INTARIAN_PEPPER_ROOT,BUY,12072,1,AGGRESSIVE
0,92600,2092600,INTARIAN_PEPPER_ROOT,SELL,12096,5,AGGRESSIVE
0,96000,2096000,INTARIAN_PEPPER_ROOT,BUY,12089,5,MARKET_TRADE
0,96900,2096900,INTARIAN_PEPPER_ROOT,SELL,12103,1,MARKET_TRADE
0,100000,2100000,INTARIAN_PEPPER_ROOT,SELL,12103,4,AGGRESSIVE
0,101800,2101800,INTARIAN_PEPPER_ROOT,SELL,12105,4,AGGRESSIVE
0,101800,2101800,INTARIAN_PEPPER_ROOT,SELL,12095,8,AGGRESSIVE
0,101800,2101800,INTARIAN_PEPPER_ROOT,SELL,12092,6,AGGRESSIVE
0,102600,2102600,INTARIAN_PEPPER_ROOT,BUY,12098,4,AGGRESSIVE
0,120900,2120900,INTARIAN_PEPPER_ROOT,BUY,12117,5,AGGRESSIVE
0,123200,2123200,INTARIAN_PEPPER_ROOT,BUY,12119,5,AGGRESSIVE
0,126000,2126000,INTARIAN_PEPPER_ROOT,BUY,12119,5,MARKET_TRADE
0,128400,2128400,INTARIAN_PEPPER_ROOT,BUY,12122,3,MARKET_TRADE
0,136700,2136700,INTARIAN_PEPPER_ROOT,SELL,12127,7,AGGRESSIVE
0,136700,2136700,INTARIAN_PEPPER_ROOT,SELL,12130,8,AGGRESSIVE
0,136700,2136700,INTARIAN_PEPPER_ROOT,SELL,12140,3,AGGRESSIVE
0,139400,2139400,INTARIAN_PEPPER_ROOT,BUY,12133,7,MARKET_TRADE
0,142400,2142400,INTARIAN_PEPPER_ROOT,BUY,12138,5,AGGRESSIVE
0,143400,2143400,INTARIAN_PEPPER_ROOT,BUY,12137,7,MARKET_TRADE
0,152200,2152200,INTARIAN_PEPPER_ROOT,SELL,12155,3,AGGRESSIVE
0,152200,2152200,INTARIAN_PEPPER_ROOT,SELL,12146,9,AGGRESSIVE
0,152200,2152200,INTARIAN_PEPPER_ROOT,SELL,12143,6,AGGRESSIVE
0,152400,2152400,INTARIAN_PEPPER_ROOT,BUY,12148,3,AGGRESSIVE
0,152900,2152900,INTARIAN_PEPPER_ROOT,BUY,12155,5,AGGRESSIVE
0,159500,2159500,INTARIAN_PEPPER_ROOT,BUY,12153,7,MARKET_TRADE
0,170400,2170400,INTARIAN_PEPPER_ROOT,BUY,12164,2,MARKET_TRADE
0,173900,2173900,INTARIAN_PEPPER_ROOT,BUY,12170,1,AGGRESSIVE
0,202500,2202500,INTARIAN_PEPPER_ROOT,SELL,12206,6,AGGRESSIVE
0,202500,2202500,INTARIAN_PEPPER_ROOT,SELL,12196,12,AGGRESSIVE
0,213100,2213100,INTARIAN_PEPPER_ROOT,BUY,12216,6,MARKET_TRADE
0,213500,2213500,INTARIAN_PEPPER_ROOT,BUY,12215,7,AGGRESSIVE
0,216000,2216000,INTARIAN_PEPPER_ROOT,BUY,12212,3,AGGRESSIVE
0,216100,2216100,INTARIAN_PEPPER_ROOT,SELL,12219,4,AGGRESSIVE
0,216100,2216100,INTARIAN_PEPPER_ROOT,SELL,12209,8,AGGRESSIVE
0,216100,2216100,INTARIAN_PEPPER_ROOT,SELL,12206,6,AGGRESSIVE
0,216600,2216600,INTARIAN_PEPPER_ROOT,BUY,12212,7,AGGRESSIVE
0,225900,2225900,INTARIAN_PEPPER_ROOT,SELL,12216,3,AGGRESSIVE
0,225900,2225900,INTARIAN_PEPPER_ROOT,SELL,12229,5,AGGRESSIVE
0,225900,2225900,INTARIAN_PEPPER_ROOT,SELL,12219,10,AGGRESSIVE
0,233100,2233100,INTARIAN_PEPPER_ROOT,BUY,12235,5,AGGRESSIVE
0,233100,2233100,INTARIAN_PEPPER_ROOT,BUY,12226,5,MARKET_TRADE
0,235900,2235900,INTARIAN_PEPPER_ROOT,BUY,12232,8,AGGRESSIVE
0,235900,2235900,INTARIAN_PEPPER_ROOT,BUY,12226,7,MARKET_TRADE
0,237600,2237600,INTARIAN_PEPPER_ROOT,BUY,12231,3,MARKET_TRADE
0,239200,2239200,INTARIAN_PEPPER_ROOT,BUY,12235,3,AGGRESSIVE
0,240900,2240900,INTARIAN_PEPPER_ROOT,SELL,12251,3,MARKET_TRADE
0,242100,2242100,INTARIAN_PEPPER_ROOT,SELL,12232,6,AGGRESSIVE
0,242100,2242100,INTARIAN_PEPPER_ROOT,SELL,12245,3,AGGRESSIVE
0,242100,2242100,INTARIAN_PEPPER_ROOT,SELL,12235,9,AGGRESSIVE
0,243400,2243400,INTARIAN_PEPPER_ROOT,BUY,12237,5,MARKET_TRADE
0,248500,2248500,INTARIAN_PEPPER_ROOT,BUY,12244,8,AGGRESSIVE
0,256200,2256200,INTARIAN_PEPPER_ROOT,BUY,12258,7,AGGRESSIVE
0,257100,2257100,INTARIAN_PEPPER_ROOT,SELL,12260,3,AGGRESSIVE
0,260200,2260200,INTARIAN_PEPPER_ROOT,BUY,12256,3,AGGRESSIVE
0,264000,2264000,INTARIAN_PEPPER_ROOT,BUY,12257,1,MARKET_TRADE
0,271900,2271900,INTARIAN_PEPPER_ROOT,SELL,12282,7,MARKET_TRADE
0,277200,2277200,INTARIAN_PEPPER_ROOT,SELL,12271,12,AGGRESSIVE
0,277200,2277200,INTARIAN_PEPPER_ROOT,SELL,12280,6,AGGRESSIVE
0,280600,2280600,INTARIAN_PEPPER_ROOT,BUY,12276,8,AGGRESSIVE
0,286800,2286800,INTARIAN_PEPPER_ROOT,BUY,12283,6,AGGRESSIVE
0,297300,2297300,INTARIAN_PEPPER_ROOT,BUY,12293,3,AGGRESSIVE
0,297600,2297600,INTARIAN_PEPPER_ROOT,BUY,12293,8,AGGRESSIVE
0,297800,2297800,INTARIAN_PEPPER_ROOT,SELL,12301,5,AGGRESSIVE
0,297800,2297800,INTARIAN_PEPPER_ROOT,SELL,12291,9,AGGRESSIVE
0,297800,2297800,INTARIAN_PEPPER_ROOT,SELL,12288,4,AGGRESSIVE
0,298500,2298500,INTARIAN_PEPPER_ROOT,BUY,12292,7,MARKET_TRADE
0,300500,2300500,INTARIAN_PEPPER_ROOT,BUY,12294,3,MARKET_TRADE
0,304700,2304700,INTARIAN_PEPPER_ROOT,SELL,12295,5,AGGRESSIVE
0,304700,2304700,INTARIAN_PEPPER_ROOT,SELL,12308,4,AGGRESSIVE
0,304700,2304700,INTARIAN_PEPPER_ROOT,SELL,12298,9,AGGRESSIVE
0,305100,2305100,INTARIAN_PEPPER_ROOT,BUY,12298,6,MARKET_TRADE
0,314400,2314400,INTARIAN_PEPPER_ROOT,BUY,12316,6,AGGRESSIVE
0,318500,2318500,INTARIAN_PEPPER_ROOT,BUY,12312,6,MARKET_TRADE
0,319300,2319300,INTARIAN_PEPPER_ROOT,BUY,12313,5,MARKET_TRADE
0,321500,2321500,INTARIAN_PEPPER_ROOT,SELL,12328,3,MARKET_TRADE
0,327600,2327600,INTARIAN_PEPPER_ROOT,BUY,12323,3,AGGRESSIVE
0,329100,2329100,INTARIAN_PEPPER_ROOT,BUY,12322,1,MARKET_TRADE
0,329700,2329700,INTARIAN_PEPPER_ROOT,BUY,12326,2,AGGRESSIVE
0,335400,2335400,INTARIAN_PEPPER_ROOT,SELL,12339,8,AGGRESSIVE
0,338000,2338000,INTARIAN_PEPPER_ROOT,SELL,12341,3,AGGRESSIVE
0,346400,2346400,INTARIAN_PEPPER_ROOT,BUY,12342,3,AGGRESSIVE
0,350700,2350700,INTARIAN_PEPPER_ROOT,SELL,12354,6,AGGRESSIVE
0,350700,2350700,INTARIAN_PEPPER_ROOT,SELL,12344,9,AGGRESSIVE
0,350700,2350700,INTARIAN_PEPPER_ROOT,SELL,12341,3,AGGRESSIVE
0,351100,2351100,INTARIAN_PEPPER_ROOT,BUY,12347,7,AGGRESSIVE
0,354000,2354000,INTARIAN_PEPPER_ROOT,BUY,12350,3,AGGRESSIVE
0,354400,2354400,INTARIAN_PEPPER_ROOT,BUY,12350,4,AGGRESSIVE
0,355300,2355300,INTARIAN_PEPPER_ROOT,BUY,12349,7,MARKET_TRADE
0,356100,2356100,INTARIAN_PEPPER_ROOT,BUY,12349,4,MARKET_TRADE
0,363100,2363100,INTARIAN_PEPPER_ROOT,BUY,12356,1,MARKET_TRADE
0,374200,2374200,INTARIAN_PEPPER_ROOT,SELL,12381,5,MARKET_TRADE
0,374300,2374300,INTARIAN_PEPPER_ROOT,BUY,12368,3,MARKET_TRADE
0,374900,2374900,INTARIAN_PEPPER_ROOT,SELL,12378,3,AGGRESSIVE
0,374900,2374900,INTARIAN_PEPPER_ROOT,SELL,12382,5,MARKET_TRADE
0,376100,2376100,INTARIAN_PEPPER_ROOT,BUY,12369,5,MARKET_TRADE
0,378200,2378200,INTARIAN_PEPPER_ROOT,BUY,12372,3,MARKET_TRADE
0,381200,2381200,INTARIAN_PEPPER_ROOT,BUY,12377,2,AGGRESSIVE
0,386500,2386500,INTARIAN_PEPPER_ROOT,SELL,12377,7,AGGRESSIVE
0,386500,2386500,INTARIAN_PEPPER_ROOT,SELL,12390,3,AGGRESSIVE
0,386500,2386500,INTARIAN_PEPPER_ROOT,SELL,12380,8,AGGRESSIVE
0,389500,2389500,INTARIAN_PEPPER_ROOT,BUY,12383,4,MARKET_TRADE
0,389600,2389600,INTARIAN_PEPPER_ROOT,SELL,12393,4,AGGRESSIVE
0,389600,2389600,INTARIAN_PEPPER_ROOT,SELL,12383,9,AGGRESSIVE
0,390000,2390000,INTARIAN_PEPPER_ROOT,BUY,12392,8,AGGRESSIVE
0,394200,2394200,INTARIAN_PEPPER_ROOT,BUY,12390,7,AGGRESSIVE
0,394400,2394400,INTARIAN_PEPPER_ROOT,BUY,12396,10,AGGRESSIVE
0,395500,2395500,INTARIAN_PEPPER_ROOT,BUY,12391,2,AGGRESSIVE
0,414800,2414800,INTARIAN_PEPPER_ROOT,SELL,12418,5,AGGRESSIVE
0,419500,2419500,INTARIAN_PEPPER_ROOT,BUY,12415,5,AGGRESSIVE
0,430800,2430800,INTARIAN_PEPPER_ROOT,SELL,12421,5,AGGRESSIVE
0,430800,2430800,INTARIAN_PEPPER_ROOT,SELL,12424,9,AGGRESSIVE
0,430800,2430800,INTARIAN_PEPPER_ROOT,SELL,12434,4,AGGRESSIVE
0,433500,2433500,INTARIAN_PEPPER_ROOT,SELL,12437,2,AGGRESSIVE
0,434800,2434800,INTARIAN_PEPPER_ROOT,BUY,12428,3,MARKET_TRADE
0,435400,2435400,INTARIAN_PEPPER_ROOT,BUY,12437,6,AGGRESSIVE
0,436600,2436600,INTARIAN_PEPPER_ROOT,SELL,12440,8,AGGRESSIVE
0,436600,2436600,INTARIAN_PEPPER_ROOT,SELL,12430,10,AGGRESSIVE
0,437100,2437100,INTARIAN_PEPPER_ROOT,BUY,12433,5,AGGRESSIVE
0,437100,2437100,INTARIAN_PEPPER_ROOT,BUY,12427,5,MARKET_TRADE
0,442300,2442300,INTARIAN_PEPPER_ROOT,BUY,12438,7,AGGRESSIVE
0,450100,2450100,INTARIAN_PEPPER_ROOT,BUY,12446,5,AGGRESSIVE
0,450300,2450300,INTARIAN_PEPPER_ROOT,BUY,12446,7,AGGRESSIVE
0,452500,2452500,INTARIAN_PEPPER_ROOT,SELL,12456,8,AGGRESSIVE
0,452500,2452500,INTARIAN_PEPPER_ROOT,SELL,12446,8,AGGRESSIVE
0,452500,2452500,INTARIAN_PEPPER_ROOT,SELL,12443,2,AGGRESSIVE
0,454500,2454500,INTARIAN_PEPPER_ROOT,BUY,12450,8,AGGRESSIVE
0,458100,2458100,INTARIAN_PEPPER_ROOT,BUY,12454,8,AGGRESSIVE
0,463300,2463300,INTARIAN_PEPPER_ROOT,BUY,12459,2,AGGRESSIVE
0,463700,2463700,INTARIAN_PEPPER_ROOT,SELL,12467,3,AGGRESSIVE
0,472700,2472700,INTARIAN_PEPPER_ROOT,BUY,12468,3,AGGRESSIVE
0,476800,2476800,INTARIAN_PEPPER_ROOT,SELL,12467,2,AGGRESSIVE
0,476800,2476800,INTARIAN_PEPPER_ROOT,SELL,12470,8,AGGRESSIVE
0,476800,2476800,INTARIAN_PEPPER_ROOT,SELL,12480,8,AGGRESSIVE
0,478700,2478700,INTARIAN_PEPPER_ROOT,BUY,12474,3,AGGRESSIVE
0,483100,2483100,INTARIAN_PEPPER_ROOT,BUY,12479,3,AGGRESSIVE
0,485300,2485300,INTARIAN_PEPPER_ROOT,BUY,12479,3,MARKET_TRADE
0,486700,2486700,INTARIAN_PEPPER_ROOT,BUY,12480,4,MARKET_TRADE
0,487800,2487800,INTARIAN_PEPPER_ROOT,BUY,12481,3,MARKET_TRADE
0,491300,2491300,INTARIAN_PEPPER_ROOT,SELL,12495,4,AGGRESSIVE
0,491600,2491600,INTARIAN_PEPPER_ROOT,SELL,12495,3,AGGRESSIVE
0,492400,2492400,INTARIAN_PEPPER_ROOT,BUY,12486,3,MARKET_TRADE
0,494100,2494100,INTARIAN_PEPPER_ROOT,SELL,12497,6,AGGRESSIVE
0,495900,2495900,INTARIAN_PEPPER_ROOT,BUY,12489,6,MARKET_TRADE
0,499400,2499400,INTARIAN_PEPPER_ROOT,BUY,12495,6,AGGRESSIVE
0,502700,2502700,INTARIAN_PEPPER_ROOT,SELL,12506,6,AGGRESSIVE
0,507000,2507000,INTARIAN_PEPPER_ROOT,BUY,12509,6,AGGRESSIVE
0,513000,2513000,INTARIAN_PEPPER_ROOT,SELL,12520,6,MARKET_TRADE
0,513900,2513900,INTARIAN_PEPPER_ROOT,SELL,12517,7,AGGRESSIVE
0,513900,2513900,INTARIAN_PEPPER_ROOT,SELL,12507,11,AGGRESSIVE
0,516100,2516100,INTARIAN_PEPPER_ROOT,BUY,12509,7,MARKET_TRADE
0,516900,2516900,INTARIAN_PEPPER_ROOT,BUY,12510,5,MARKET_TRADE
0,518000,2518000,INTARIAN_PEPPER_ROOT,BUY,12514,7,AGGRESSIVE
0,519600,2519600,INTARIAN_PEPPER_ROOT,BUY,12515,5,AGGRESSIVE
0,523200,2523200,INTARIAN_PEPPER_ROOT,SELL,12526,8,AGGRESSIVE
0,523200,2523200,INTARIAN_PEPPER_ROOT,SELL,12516,9,AGGRESSIVE
0,523200,2523200,INTARIAN_PEPPER_ROOT,SELL,12513,1,AGGRESSIVE
0,523400,2523400,INTARIAN_PEPPER_ROOT,BUY,12525,7,AGGRESSIVE
0,524200,2524200,INTARIAN_PEPPER_ROOT,BUY,12521,7,MARKET_TRADE
0,530400,2530400,INTARIAN_PEPPER_ROOT,SELL,12534,7,AGGRESSIVE
0,530400,2530400,INTARIAN_PEPPER_ROOT,SELL,12524,9,AGGRESSIVE
0,530400,2530400,INTARIAN_PEPPER_ROOT,SELL,12521,2,AGGRESSIVE
0,532000,2532000,INTARIAN_PEPPER_ROOT,BUY,12525,4,MARKET_TRADE
0,533100,2533100,INTARIAN_PEPPER_ROOT,BUY,12523,5,MARKET_TRADE
0,535000,2535000,INTARIAN_PEPPER_ROOT,BUY,12531,3,AGGRESSIVE
0,537500,2537500,INTARIAN_PEPPER_ROOT,BUY,12533,8,AGGRESSIVE
0,539900,2539900,INTARIAN_PEPPER_ROOT,SELL,12550,5,MARKET_TRADE
0,541200,2541200,INTARIAN_PEPPER_ROOT,BUY,12534,7,MARKET_TRADE
0,546200,2546200,INTARIAN_PEPPER_ROOT,SELL,12549,5,AGGRESSIVE
0,546200,2546200,INTARIAN_PEPPER_ROOT,SELL,12539,11,AGGRESSIVE
0,546200,2546200,INTARIAN_PEPPER_ROOT,SELL,12536,2,AGGRESSIVE
0,546800,2546800,INTARIAN_PEPPER_ROOT,BUY,12540,6,MARKET_TRADE
0,547400,2547400,INTARIAN_PEPPER_ROOT,BUY,12543,3,AGGRESSIVE
0,548900,2548900,INTARIAN_PEPPER_ROOT,SELL,12552,3,AGGRESSIVE
0,554300,2554300,INTARIAN_PEPPER_ROOT,BUY,12550,3,AGGRESSIVE
0,555100,2555100,INTARIAN_PEPPER_ROOT,BUY,12557,6,AGGRESSIVE
0,559100,2559100,INTARIAN_PEPPER_ROOT,BUY,12555,3,AGGRESSIVE
0,579000,2579000,INTARIAN_PEPPER_ROOT,SELL,12582,5,AGGRESSIVE
0,579200,2579200,INTARIAN_PEPPER_ROOT,BUY,12575,4,AGGRESSIVE
0,579800,2579800,INTARIAN_PEPPER_ROOT,SELL,12583,6,AGGRESSIVE
0,579800,2579800,INTARIAN_PEPPER_ROOT,SELL,12573,12,AGGRESSIVE
0,581000,2581000,INTARIAN_PEPPER_ROOT,BUY,12577,7,AGGRESSIVE
0,581100,2581100,INTARIAN_PEPPER_ROOT,BUY,12574,4,MARKET_TRADE
0,584100,2584100,INTARIAN_PEPPER_ROOT,BUY,12586,8,AGGRESSIVE
0,584800,2584800,INTARIAN_PEPPER_ROOT,SELL,12595,3,MARKET_TRADE
0,592300,2592300,INTARIAN_PEPPER_ROOT,SELL,12599,3,MARKET_TRADE
0,595400,2595400,INTARIAN_PEPPER_ROOT,BUY,12585,3,MARKET_TRADE
0,606800,2606800,INTARIAN_PEPPER_ROOT,BUY,12603,3,AGGRESSIVE
0,609000,2609000,INTARIAN_PEPPER_ROOT,SELL,12616,7,MARKET_TRADE
0,618000,2618000,INTARIAN_PEPPER_ROOT,BUY,12614,6,AGGRESSIVE
0,619800,2619800,INTARIAN_PEPPER_ROOT,SELL,12627,5,MARKET_TRADE
0,622700,2622700,INTARIAN_PEPPER_ROOT,BUY,12618,6,AGGRESSIVE
0,635000,2635000,INTARIAN_PEPPER_ROOT,SELL,12638,5,AGGRESSIVE
0,636500,2636500,INTARIAN_PEPPER_ROOT,BUY,12632,3,AGGRESSIVE
0,638300,2638300,INTARIAN_PEPPER_ROOT,BUY,12628,2,MARKET_TRADE
0,639800,2639800,INTARIAN_PEPPER_ROOT,SELL,12630,13,AGGRESSIVE
0,639800,2639800,INTARIAN_PEPPER_ROOT,SELL,12643,5,AGGRESSIVE
0,641600,2641600,INTARIAN_PEPPER_ROOT,BUY,12637,8,AGGRESSIVE
0,641800,2641800,INTARIAN_PEPPER_ROOT,SELL,12645,6,AGGRESSIVE
0,641800,2641800,INTARIAN_PEPPER_ROOT,SELL,12635,11,AGGRESSIVE
0,641800,2641800,INTARIAN_PEPPER_ROOT,SELL,12632,1,AGGRESSIVE
0,642400,2642400,INTARIAN_PEPPER_ROOT,BUY,12638,8,AGGRESSIVE
0,644500,2644500,INTARIAN_PEPPER_ROOT,BUY,12638,5,MARKET_TRADE
0,645200,2645200,INTARIAN_PEPPER_ROOT,BUY,12641,7,AGGRESSIVE
0,646400,2646400,INTARIAN_PEPPER_ROOT,BUY,12648,8,AGGRESSIVE
0,663300,2663300,INTARIAN_PEPPER_ROOT,SELL,12653,6,AGGRESSIVE
0,663300,2663300,INTARIAN_PEPPER_ROOT,SELL,12667,3,AGGRESSIVE
0,663300,2663300,INTARIAN_PEPPER_ROOT,SELL,12656,9,AGGRESSIVE
0,663600,2663600,INTARIAN_PEPPER_ROOT,BUY,12659,5,AGGRESSIVE
0,664400,2664400,INTARIAN_PEPPER_ROOT,BUY,12654,7,MARKET_TRADE
0,668300,2668300,INTARIAN_PEPPER_ROOT,SELL,12672,4,AGGRESSIVE
0,668300,2668300,INTARIAN_PEPPER_ROOT,SELL,12661,11,AGGRESSIVE
0,668300,2668300,INTARIAN_PEPPER_ROOT,SELL,12675,7,MARKET_TRADE
0,669000,2669000,INTARIAN_PEPPER_ROOT,BUY,12665,6,AGGRESSIVE
0,669600,2669600,INTARIAN_PEPPER_ROOT,BUY,12672,5,AGGRESSIVE
0,671400,2671400,INTARIAN_PEPPER_ROOT,BUY,12665,3,MARKET_TRADE
0,679000,2679000,INTARIAN_PEPPER_ROOT,BUY,12681,7,AGGRESSIVE
0,679700,2679700,INTARIAN_PEPPER_ROOT,BUY,12673,6,MARKET_TRADE
0,680300,2680300,INTARIAN_PEPPER_ROOT,SELL,12684,7,AGGRESSIVE
0,680300,2680300,INTARIAN_PEPPER_ROOT,SELL,12673,9,AGGRESSIVE
0,680300,2680300,INTARIAN_PEPPER_ROOT,SELL,12670,2,AGGRESSIVE
0,682000,2682000,INTARIAN_PEPPER_ROOT,BUY,12678,4,AGGRESSIVE
0,683300,2683300,INTARIAN_PEPPER_ROOT,BUY,12679,3,AGGRESSIVE
0,686800,2686800,INTARIAN_PEPPER_ROOT,BUY,12680,5,MARKET_TRADE
0,688200,2688200,INTARIAN_PEPPER_ROOT,BUY,12684,5,AGGRESSIVE
0,696200,2696200,INTARIAN_PEPPER_ROOT,SELL,12700,5,AGGRESSIVE
0,696800,2696800,INTARIAN_PEPPER_ROOT,SELL,12700,5,AGGRESSIVE
0,707600,2707600,INTARIAN_PEPPER_ROOT,SELL,12711,6,AGGRESSIVE
0,710400,2710400,INTARIAN_PEPPER_ROOT,SELL,12714,3,AGGRESSIVE
0,710400,2710400,INTARIAN_PEPPER_ROOT,SELL,12704,10,AGGRESSIVE
0,710400,2710400,INTARIAN_PEPPER_ROOT,SELL,12700,5,AGGRESSIVE
0,711900,2711900,INTARIAN_PEPPER_ROOT,SELL,12715,3,AGGRESSIVE
0,711900,2711900,INTARIAN_PEPPER_ROOT,SELL,12705,8,AGGRESSIVE
0,711900,2711900,INTARIAN_PEPPER_ROOT,SELL,12702,7,AGGRESSIVE
0,712600,2712600,INTARIAN_PEPPER_ROOT,BUY,12719,9,AGGRESSIVE
0,715500,2715500,INTARIAN_PEPPER_ROOT,BUY,12711,4,AGGRESSIVE
0,715500,2715500,INTARIAN_PEPPER_ROOT,BUY,12722,8,AGGRESSIVE
0,716900,2716900,INTARIAN_PEPPER_ROOT,BUY,12719,10,AGGRESSIVE
0,719900,2719900,INTARIAN_PEPPER_ROOT,BUY,12716,5,AGGRESSIVE
0,720700,2720700,INTARIAN_PEPPER_ROOT,BUY,12714,6,MARKET_TRADE
0,725000,2725000,INTARIAN_PEPPER_ROOT,BUY,12721,4,AGGRESSIVE
0,731500,2731500,INTARIAN_PEPPER_ROOT,SELL,12735,7,AGGRESSIVE
0,732700,2732700,INTARIAN_PEPPER_ROOT,BUY,12728,8,AGGRESSIVE
0,738700,2738700,INTARIAN_PEPPER_ROOT,BUY,12732,6,MARKET_TRADE
0,744700,2744700,INTARIAN_PEPPER_ROOT,SELL,12748,6,AGGRESSIVE
0,744700,2744700,INTARIAN_PEPPER_ROOT,SELL,12738,11,AGGRESSIVE
0,744700,2744700,INTARIAN_PEPPER_ROOT,SELL,12735,1,AGGRESSIVE
0,746600,2746600,INTARIAN_PEPPER_ROOT,BUY,12742,7,AGGRESSIVE
0,746800,2746800,INTARIAN_PEPPER_ROOT,SELL,12750,4,AGGRESSIVE
0,746800,2746800,INTARIAN_PEPPER_ROOT,SELL,12740,9,AGGRESSIVE
0,746800,2746800,INTARIAN_PEPPER_ROOT,SELL,12737,5,AGGRESSIVE
0,747600,2747600,INTARIAN_PEPPER_ROOT,SELL,12758,5,MARKET_TRADE
0,756100,2756100,INTARIAN_PEPPER_ROOT,BUY,12749,5,MARKET_TRADE
0,757800,2757800,INTARIAN_PEPPER_ROOT,BUY,12751,4,MARKET_TRADE
0,758800,2758800,INTARIAN_PEPPER_ROOT,SELL,12762,6,AGGRESSIVE
0,758800,2758800,INTARIAN_PEPPER_ROOT,SELL,12752,11,AGGRESSIVE
0,758800,2758800,INTARIAN_PEPPER_ROOT,SELL,12749,1,AGGRESSIVE
0,761600,2761600,INTARIAN_PEPPER_ROOT,SELL,12755,12,AGGRESSIVE
0,761600,2761600,INTARIAN_PEPPER_ROOT,SELL,12765,4,AGGRESSIVE
0,761700,2761700,INTARIAN_PEPPER_ROOT,BUY,12769,10,AGGRESSIVE
0,761800,2761800,INTARIAN_PEPPER_ROOT,BUY,12769,8,AGGRESSIVE
0,763700,2763700,INTARIAN_PEPPER_ROOT,BUY,12754,5,MARKET_TRADE
0,763800,2763800,INTARIAN_PEPPER_ROOT,BUY,12766,10,AGGRESSIVE
0,764300,2764300,INTARIAN_PEPPER_ROOT,SELL,12768,7,AGGRESSIVE
0,764300,2764300,INTARIAN_PEPPER_ROOT,SELL,12754,11,AGGRESSIVE
0,767500,2767500,INTARIAN_PEPPER_ROOT,BUY,12761,3,MARKET_TRADE
0,770000,2770000,INTARIAN_PEPPER_ROOT,BUY,12773,3,MARKET_TRADE
0,770100,2770100,INTARIAN_PEPPER_ROOT,BUY,12777,9,AGGRESSIVE
0,774200,2774200,INTARIAN_PEPPER_ROOT,BUY,12767,6,MARKET_TRADE
0,774500,2774500,INTARIAN_PEPPER_ROOT,SELL,12778,8,AGGRESSIVE
0,774500,2774500,INTARIAN_PEPPER_ROOT,SELL,12768,10,AGGRESSIVE
0,775200,2775200,INTARIAN_PEPPER_ROOT,BUY,12771,3,AGGRESSIVE
0,781500,2781500,INTARIAN_PEPPER_ROOT,BUY,12777,7,AGGRESSIVE
0,781500,2781500,INTARIAN_PEPPER_ROOT,BUY,12788,9,AGGRESSIVE
0,784600,2784600,INTARIAN_PEPPER_ROOT,BUY,12780,8,AGGRESSIVE
0,792200,2792200,INTARIAN_PEPPER_ROOT,BUY,12785,6,MARKET_TRADE
0,793000,2793000,INTARIAN_PEPPER_ROOT,SELL,12796,6,AGGRESSIVE
0,793200,2793200,INTARIAN_PEPPER_ROOT,BUY,12795,6,AGGRESSIVE
0,793900,2793900,INTARIAN_PEPPER_ROOT,BUY,12790,6,AGGRESSIVE
0,795500,2795500,INTARIAN_PEPPER_ROOT,BUY,12789,1,MARKET_TRADE
0,798000,2798000,INTARIAN_PEPPER_ROOT,SELL,12808,4,MARKET_TRADE
0,799100,2799100,INTARIAN_PEPPER_ROOT,BUY,12789,6,MARKET_TRADE
0,801100,2801100,INTARIAN_PEPPER_ROOT,SELL,12808,5,MARKET_TRADE
0,809500,2809500,INTARIAN_PEPPER_ROOT,BUY,12805,5,AGGRESSIVE
0,812700,2812700,INTARIAN_PEPPER_ROOT,SELL,12816,7,AGGRESSIVE
0,812700,2812700,INTARIAN_PEPPER_ROOT,SELL,12806,8,AGGRESSIVE
0,812700,2812700,INTARIAN_PEPPER_ROOT,SELL,12803,3,AGGRESSIVE
0,815500,2815500,INTARIAN_PEPPER_ROOT,BUY,12811,7,AGGRESSIVE
0,818500,2818500,INTARIAN_PEPPER_ROOT,SELL,12812,10,AGGRESSIVE
0,818500,2818500,INTARIAN_PEPPER_ROOT,SELL,12808,5,AGGRESSIVE
0,818500,2818500,INTARIAN_PEPPER_ROOT,SELL,12822,3,AGGRESSIVE
0,822000,2822000,INTARIAN_PEPPER_ROOT,BUY,12818,8,AGGRESSIVE
0,822400,2822400,INTARIAN_PEPPER_ROOT,BUY,12818,8,AGGRESSIVE
0,825200,2825200,INTARIAN_PEPPER_ROOT,BUY,12821,3,AGGRESSIVE
0,827000,2827000,INTARIAN_PEPPER_ROOT,SELL,12830,8,AGGRESSIVE
0,827000,2827000,INTARIAN_PEPPER_ROOT,SELL,12820,8,AGGRESSIVE
0,827000,2827000,INTARIAN_PEPPER_ROOT,SELL,12817,2,AGGRESSIVE
0,830900,2830900,INTARIAN_PEPPER_ROOT,BUY,12827,7,AGGRESSIVE
0,831400,2831400,INTARIAN_PEPPER_ROOT,SELL,12824,9,AGGRESSIVE
0,831400,2831400,INTARIAN_PEPPER_ROOT,SELL,12835,8,AGGRESSIVE
0,836300,2836300,INTARIAN_PEPPER_ROOT,BUY,12843,8,AGGRESSIVE
0,836300,2836300,INTARIAN_PEPPER_ROOT,BUY,12832,7,AGGRESSIVE
0,838200,2838200,INTARIAN_PEPPER_ROOT,SELL,12842,6,AGGRESSIVE
0,838200,2838200,INTARIAN_PEPPER_ROOT,SELL,12831,10,AGGRESSIVE
0,838200,2838200,INTARIAN_PEPPER_ROOT,SELL,12828,2,AGGRESSIVE
0,838400,2838400,INTARIAN_PEPPER_ROOT,BUY,12828,5,MARKET_TRADE
0,838800,2838800,INTARIAN_PEPPER_ROOT,BUY,12842,5,MARKET_TRADE
0,839900,2839900,INTARIAN_PEPPER_ROOT,BUY,12842,9,AGGRESSIVE
0,841800,2841800,INTARIAN_PEPPER_ROOT,BUY,12844,7,AGGRESSIVE
0,841900,2841900,INTARIAN_PEPPER_ROOT,SELL,12845,3,AGGRESSIVE
0,841900,2841900,INTARIAN_PEPPER_ROOT,SELL,12835,8,AGGRESSIVE
0,844000,2844000,INTARIAN_PEPPER_ROOT,SELL,12837,10,AGGRESSIVE
0,844000,2844000,INTARIAN_PEPPER_ROOT,SELL,12847,7,AGGRESSIVE
0,844100,2844100,INTARIAN_PEPPER_ROOT,BUY,12851,9,AGGRESSIVE
0,844400,2844400,INTARIAN_PEPPER_ROOT,BUY,12837,4,MARKET_TRADE
0,844500,2844500,INTARIAN_PEPPER_ROOT,BUY,12847,9,AGGRESSIVE
0,846300,2846300,INTARIAN_PEPPER_ROOT,BUY,12839,3,MARKET_TRADE
0,851700,2851700,INTARIAN_PEPPER_ROOT,BUY,12847,4,AGGRESSIVE
0,853000,2853000,INTARIAN_PEPPER_ROOT,SELL,12863,5,MARKET_TRADE
0,853300,2853300,INTARIAN_PEPPER_ROOT,BUY,12846,5,MARKET_TRADE
0,861800,2861800,INTARIAN_PEPPER_ROOT,SELL,12855,10,AGGRESSIVE
0,861800,2861800,INTARIAN_PEPPER_ROOT,SELL,12852,5,AGGRESSIVE
0,861800,2861800,INTARIAN_PEPPER_ROOT,SELL,12865,3,AGGRESSIVE
0,864900,2864900,INTARIAN_PEPPER_ROOT,BUY,12868,7,MARKET_TRADE
0,866200,2866200,INTARIAN_PEPPER_ROOT,BUY,12862,3,AGGRESSIVE
0,866200,2866200,INTARIAN_PEPPER_ROOT,BUY,12873,11,AGGRESSIVE
0,868100,2868100,INTARIAN_PEPPER_ROOT,SELL,12861,11,AGGRESSIVE
0,868100,2868100,INTARIAN_PEPPER_ROOT,SELL,12858,7,AGGRESSIVE
0,868900,2868900,INTARIAN_PEPPER_ROOT,SELL,12862,12,AGGRESSIVE
0,868900,2868900,INTARIAN_PEPPER_ROOT,SELL,12859,6,AGGRESSIVE
0,869000,2869000,INTARIAN_PEPPER_ROOT,BUY,12865,5,AGGRESSIVE
0,870200,2870200,INTARIAN_PEPPER_ROOT,SELL,12860,2,AGGRESSIVE
0,870200,2870200,INTARIAN_PEPPER_ROOT,SELL,12874,6,AGGRESSIVE
0,870200,2870200,INTARIAN_PEPPER_ROOT,SELL,12863,10,AGGRESSIVE
0,870800,2870800,INTARIAN_PEPPER_ROOT,BUY,12878,12,AGGRESSIVE
0,871700,2871700,INTARIAN_PEPPER_ROOT,BUY,12879,12,AGGRESSIVE
0,873100,2873100,INTARIAN_PEPPER_ROOT,BUY,12866,6,MARKET_TRADE
0,874000,2874000,INTARIAN_PEPPER_ROOT,BUY,12876,8,AGGRESSIVE
0,878600,2878600,INTARIAN_PEPPER_ROOT,SELL,12882,5,AGGRESSIVE
0,878600,2878600,INTARIAN_PEPPER_ROOT,SELL,12872,11,AGGRESSIVE
0,881600,2881600,INTARIAN_PEPPER_ROOT,BUY,12871,4,MARKET_TRADE
0,885800,2885800,INTARIAN_PEPPER_ROOT,BUY,12893,11,AGGRESSIVE
0,885800,2885800,INTARIAN_PEPPER_ROOT,BUY,12881,5,AGGRESSIVE
0,886400,2886400,INTARIAN_PEPPER_ROOT,SELL,12879,10,AGGRESSIVE
0,891400,2891400,INTARIAN_PEPPER_ROOT,BUY,12887,6,AGGRESSIVE
0,891800,2891800,INTARIAN_PEPPER_ROOT,SELL,12889,9,AGGRESSIVE
0,892100,2892100,INTARIAN_PEPPER_ROOT,BUY,12885,4,MARKET_TRADE
0,892900,2892900,INTARIAN_PEPPER_ROOT,BUY,12886,3,MARKET_TRADE
0,893500,2893500,INTARIAN_PEPPER_ROOT,BUY,12889,3,AGGRESSIVE
0,893500,2893500,INTARIAN_PEPPER_ROOT,BUY,12900,11,AGGRESSIVE
0,893600,2893600,INTARIAN_PEPPER_ROOT,SELL,12887,10,AGGRESSIVE
0,895100,2895100,INTARIAN_PEPPER_ROOT,SELL,12885,1,AGGRESSIVE
0,895100,2895100,INTARIAN_PEPPER_ROOT,SELL,12888,12,AGGRESSIVE
0,895100,2895100,INTARIAN_PEPPER_ROOT,SELL,12898,5,AGGRESSIVE
0,896500,2896500,INTARIAN_PEPPER_ROOT,BUY,12890,6,MARKET_TRADE
0,898000,2898000,INTARIAN_PEPPER_ROOT,BUY,12905,10,AGGRESSIVE
0,898300,2898300,INTARIAN_PEPPER_ROOT,BUY,12894,8,AGGRESSIVE
0,902000,2902000,INTARIAN_PEPPER_ROOT,BUY,12895,4,MARKET_TRADE
0,904700,2904700,INTARIAN_PEPPER_ROOT,BUY,12900,7,AGGRESSIVE
0,906500,2906500,INTARIAN_PEPPER_ROOT,SELL,12917,6,MARKET_TRADE
0,908800,2908800,INTARIAN_PEPPER_ROOT,BUY,12904,7,AGGRESSIVE
0,909100,2909100,INTARIAN_PEPPER_ROOT,BUY,12905,2,AGGRESSIVE
0,910500,2910500,INTARIAN_PEPPER_ROOT,SELL,12904,10,AGGRESSIVE
0,910500,2910500,INTARIAN_PEPPER_ROOT,SELL,12900,8,AGGRESSIVE
0,910600,2910600,INTARIAN_PEPPER_ROOT,SELL,12904,11,AGGRESSIVE
0,912800,2912800,INTARIAN_PEPPER_ROOT,BUY,12908,5,AGGRESSIVE
0,912900,2912900,INTARIAN_PEPPER_ROOT,SELL,12906,11,AGGRESSIVE
0,913400,2913400,INTARIAN_PEPPER_ROOT,SELL,12917,5,AGGRESSIVE
0,913500,2913500,INTARIAN_PEPPER_ROOT,BUY,12920,10,AGGRESSIVE
0,913800,2913800,INTARIAN_PEPPER_ROOT,BUY,12909,7,AGGRESSIVE
0,914400,2914400,INTARIAN_PEPPER_ROOT,BUY,12910,7,AGGRESSIVE
0,915000,2915000,INTARIAN_PEPPER_ROOT,BUY,12911,7,AGGRESSIVE
0,916300,2916300,INTARIAN_PEPPER_ROOT,SELL,12920,6,AGGRESSIVE
0,917000,2917000,INTARIAN_PEPPER_ROOT,SELL,12910,8,AGGRESSIVE
0,917000,2917000,INTARIAN_PEPPER_ROOT,SELL,12920,4,AGGRESSIVE
0,920500,2920500,INTARIAN_PEPPER_ROOT,BUY,12916,8,AGGRESSIVE
0,920600,2920600,INTARIAN_PEPPER_ROOT,BUY,12916,7,AGGRESSIVE
0,922000,2922000,INTARIAN_PEPPER_ROOT,BUY,12918,6,AGGRESSIVE
0,922100,2922100,INTARIAN_PEPPER_ROOT,SELL,12915,9,AGGRESSIVE
0,922200,2922200,INTARIAN_PEPPER_ROOT,SELL,12915,10,AGGRESSIVE
0,922200,2922200,INTARIAN_PEPPER_ROOT,SELL,12912,8,AGGRESSIVE
0,922400,2922400,INTARIAN_PEPPER_ROOT,BUY,12915,3,MARKET_TRADE
0,923000,2923000,INTARIAN_PEPPER_ROOT,BUY,12916,7,MARKET_TRADE
0,925200,2925200,INTARIAN_PEPPER_ROOT,SELL,12929,4,AGGRESSIVE
0,925200,2925200,INTARIAN_PEPPER_ROOT,SELL,12918,11,AGGRESSIVE
0,927600,2927600,INTARIAN_PEPPER_ROOT,BUY,12921,4,MARKET_TRADE
0,928600,2928600,INTARIAN_PEPPER_ROOT,BUY,12922,7,MARKET_TRADE
0,928800,2928800,INTARIAN_PEPPER_ROOT,BUY,12924,5,AGGRESSIVE
0,928800,2928800,INTARIAN_PEPPER_ROOT,BUY,12936,11,AGGRESSIVE
0,936200,2936200,INTARIAN_PEPPER_ROOT,BUY,12932,7,AGGRESSIVE
0,937100,2937100,INTARIAN_PEPPER_ROOT,SELL,12930,8,AGGRESSIVE
0,937400,2937400,INTARIAN_PEPPER_ROOT,SELL,12941,3,AGGRESSIVE
0,937400,2937400,INTARIAN_PEPPER_ROOT,SELL,12930,8,AGGRESSIVE
0,937400,2937400,INTARIAN_PEPPER_ROOT,SELL,12927,7,AGGRESSIVE
0,937600,2937600,INTARIAN_PEPPER_ROOT,BUY,12931,7,MARKET_TRADE
0,937600,2937600,INTARIAN_PEPPER_ROOT,BUY,12933,3,AGGRESSIVE
0,938300,2938300,INTARIAN_PEPPER_ROOT,BUY,12934,4,AGGRESSIVE
0,939400,2939400,INTARIAN_PEPPER_ROOT,SELL,12943,8,AGGRESSIVE
0,940100,2940100,INTARIAN_PEPPER_ROOT,BUY,12930,5,MARKET_TRADE
0,943700,2943700,INTARIAN_PEPPER_ROOT,SELL,12951,3,MARKET_TRADE
0,949500,2949500,INTARIAN_PEPPER_ROOT,SELL,12953,6,AGGRESSIVE
0,949500,2949500,INTARIAN_PEPPER_ROOT,SELL,12943,12,AGGRESSIVE
0,951600,2951600,INTARIAN_PEPPER_ROOT,BUY,12947,5,AGGRESSIVE
0,951700,2951700,INTARIAN_PEPPER_ROOT,SELL,12945,8,AGGRESSIVE
0,952400,2952400,INTARIAN_PEPPER_ROOT,SELL,12945,10,AGGRESSIVE
0,953500,2953500,INTARIAN_PEPPER_ROOT,BUY,12960,11,AGGRESSIVE
0,953900,2953900,INTARIAN_PEPPER_ROOT,BUY,12961,12,AGGRESSIVE
0,954500,2954500,INTARIAN_PEPPER_ROOT,BUY,12948,4,MARKET_TRADE
0,954600,2954600,INTARIAN_PEPPER_ROOT,BUY,12948,4,MARKET_TRADE
0,955100,2955100,INTARIAN_PEPPER_ROOT,BUY,12951,8,AGGRESSIVE
0,955500,2955500,INTARIAN_PEPPER_ROOT,SELL,12949,10,AGGRESSIVE
0,955800,2955800,INTARIAN_PEPPER_ROOT,SELL,12949,12,AGGRESSIVE
0,956900,2956900,INTARIAN_PEPPER_ROOT,BUY,12947,5,MARKET_TRADE
0,957200,2957200,INTARIAN_PEPPER_ROOT,BUY,12950,7,MARKET_TRADE
0,958900,2958900,INTARIAN_PEPPER_ROOT,BUY,12955,7,AGGRESSIVE
0,959900,2959900,INTARIAN_PEPPER_ROOT,SELL,12953,11,AGGRESSIVE
0,960600,2960600,INTARIAN_PEPPER_ROOT,BUY,12956,5,AGGRESSIVE
0,961200,2961200,INTARIAN_PEPPER_ROOT,BUY,12957,8,AGGRESSIVE
0,961600,2961600,INTARIAN_PEPPER_ROOT,BUY,12955,3,MARKET_TRADE
0,963500,2963500,INTARIAN_PEPPER_ROOT,BUY,12959,3,AGGRESSIVE
0,965100,2965100,INTARIAN_PEPPER_ROOT,BUY,12958,6,MARKET_TRADE
0,965800,2965800,INTARIAN_PEPPER_ROOT,SELL,12959,11,AGGRESSIVE
0,965800,2965800,INTARIAN_PEPPER_ROOT,SELL,12956,7,AGGRESSIVE
0,966900,2966900,INTARIAN_PEPPER_ROOT,SELL,12960,10,AGGRESSIVE
0,968200,2968200,INTARIAN_PEPPER_ROOT,BUY,12964,6,AGGRESSIVE
0,968200,2968200,INTARIAN_PEPPER_ROOT,BUY,12975,9,AGGRESSIVE
0,969500,2969500,INTARIAN_PEPPER_ROOT,SELL,12963,8,AGGRESSIVE
0,969800,2969800,INTARIAN_PEPPER_ROOT,SELL,12973,8,AGGRESSIVE
0,971600,2971600,INTARIAN_PEPPER_ROOT,BUY,12967,7,AGGRESSIVE
0,972000,2972000,INTARIAN_PEPPER_ROOT,BUY,12965,3,MARKET_TRADE
0,973600,2973600,INTARIAN_PEPPER_ROOT,SELL,12967,12,AGGRESSIVE
0,975500,2975500,INTARIAN_PEPPER_ROOT,BUY,12969,6,MARKET_TRADE
0,976600,2976600,INTARIAN_PEPPER_ROOT,BUY,12972,7,AGGRESSIVE
0,978300,2978300,INTARIAN_PEPPER_ROOT,SELL,12982,5,AGGRESSIVE
0,978800,2978800,INTARIAN_PEPPER_ROOT,BUY,12972,4,MARKET_TRADE
0,980400,2980400,INTARIAN_PEPPER_ROOT,BUY,12976,8,AGGRESSIVE
0,984500,2984500,INTARIAN_PEPPER_ROOT,BUY,12987,10,AGGRESSIVE
0,984600,2984600,INTARIAN_PEPPER_ROOT,SELL,12978,12,AGGRESSIVE
0,984900,2984900,INTARIAN_PEPPER_ROOT,BUY,12981,4,AGGRESSIVE
0,985600,2985600,INTARIAN_PEPPER_ROOT,SELL,12979,9,AGGRESSIVE
0,985800,2985800,INTARIAN_PEPPER_ROOT,BUY,12981,5,AGGRESSIVE
0,986900,2986900,INTARIAN_PEPPER_ROOT,SELL,12990,8,AGGRESSIVE
0,986900,2986900,INTARIAN_PEPPER_ROOT,SELL,12980,10,AGGRESSIVE
0,989200,2989200,INTARIAN_PEPPER_ROOT,SELL,12993,8,AGGRESSIVE
0,989200,2989200,INTARIAN_PEPPER_ROOT,SELL,12982,10,AGGRESSIVE
0,989300,2989300,INTARIAN_PEPPER_ROOT,BUY,12996,8,AGGRESSIVE
0,989900,2989900,INTARIAN_PEPPER_ROOT,BUY,12986,4,AGGRESSIVE
0,989900,2989900,INTARIAN_PEPPER_ROOT,BUY,12997,10,AGGRESSIVE
0,990200,2990200,INTARIAN_PEPPER_ROOT,BUY,12983,6,MARKET_TRADE
0,990900,2990900,INTARIAN_PEPPER_ROOT,BUY,12984,6,MARKET_TRADE
0,991300,2991300,INTARIAN_PEPPER_ROOT,BUY,12984,3,MARKET_TRADE
