scenario,scenario_label,product,product_label,day,bucket,bucket_pnl,avg_position,avg_abs_position
baseline,Baseline,ASH_COATED_OSMIUM,ASH,-1,1,2538.0,32.8066132264529,32.8066132264529
baseline,Baseline,ASH_COATED_OSMIUM,ASH,-1,2,2200.0,47.82282282282282,47.82282282282282
baseline,Baseline,ASH_COATED_OSMIUM,ASH,-1,3,1939.0,59.328,59.328
baseline,Baseline,ASH_COATED_OSMIUM,ASH,-1,4,2766.0,48.69408224674022,48.69408224674022
baseline,Baseline,ASH_COATED_OSMIUM,ASH,-1,5,2487.0,40.382,40.382
baseline,Baseline,ASH_COATED_OSMIUM,ASH,-1,6,1641.0,43.48293172690763,43.48293172690763
baseline,Baseline,ASH_COATED_OSMIUM,ASH,-1,7,2424.0,58.022,58.022
baseline,Baseline,ASH_COATED_OSMIUM,ASH,-1,8,2066.0,46.62625250501002,46.62625250501002
baseline,Baseline,ASH_COATED_OSMIUM,ASH,-1,9,1957.0,29.225450901803608,29.225450901803608
baseline,Baseline,ASH_COATED_OSMIUM,ASH,-1,10,2149.0,-1.3483483483483483,9.118118118118119
baseline,Baseline,ASH_COATED_OSMIUM,ASH,0,1,2367.0,22.353059177532597,23.069207622868607
baseline,Baseline,ASH_COATED_OSMIUM,ASH,0,2,2328.0,10.669338677354709,11.428857715430862
baseline,Baseline,ASH_COATED_OSMIUM,ASH,0,3,2004.0,55.566566566566564,55.566566566566564
baseline,Baseline,ASH_COATED_OSMIUM,ASH,0,4,2321.0,15.513026052104209,15.633266533066132
baseline,Baseline,ASH_COATED_OSMIUM,ASH,0,5,2523.0,-1.142142142142142,14.185185185185185
baseline,Baseline,ASH_COATED_OSMIUM,ASH,0,6,2198.0,12.864729458917836,14.453907815631263
baseline,Baseline,ASH_COATED_OSMIUM,ASH,0,7,2015.0,6.824,11.176
baseline,Baseline,ASH_COATED_OSMIUM,ASH,0,8,2787.0,10.04112337011033,11.288866599799398
baseline,Baseline,ASH_COATED_OSMIUM,ASH,0,9,1952.0,6.85871743486974,12.339679358717435
baseline,Baseline,ASH_COATED_OSMIUM,ASH,0,10,2353.0,-5.174,10.144
baseline,Baseline,ASH_COATED_OSMIUM,ASH,1,1,1928.0,13.867336683417085,18.048241206030152
baseline,Baseline,ASH_COATED_OSMIUM,ASH,1,2,1890.0,28.309929789368105,28.309929789368105
baseline,Baseline,ASH_COATED_OSMIUM,ASH,1,3,2151.5,65.14242728184554,65.14242728184554
baseline,Baseline,ASH_COATED_OSMIUM,ASH,1,4,2595.5,27.9438877755511,27.955911823647295
baseline,Baseline,ASH_COATED_OSMIUM,ASH,1,5,2561.0,9.08817635270541,15.587174348697395
baseline,Baseline,ASH_COATED_OSMIUM,ASH,1,6,1859.0,12.724,17.662
baseline,Baseline,ASH_COATED_OSMIUM,ASH,1,7,1990.5,6.326653306613227,10.470941883767535
baseline,Baseline,ASH_COATED_OSMIUM,ASH,1,8,2494.5,8.738476953907815,16.475951903807616
baseline,Baseline,ASH_COATED_OSMIUM,ASH,1,9,1980.0,6.691,8.215
baseline,Baseline,ASH_COATED_OSMIUM,ASH,1,10,2368.0,0.7492477432296891,8.446339017051153
baseline,Baseline,INTARIAN_PEPPER_ROOT,PEPPER,-1,1,7697.0,72.80942828485456,72.80942828485456
baseline,Baseline,INTARIAN_PEPPER_ROOT,PEPPER,-1,2,7871.0,74.62788365095285,74.62788365095285
baseline,Baseline,INTARIAN_PEPPER_ROOT,PEPPER,-1,3,7786.0,70.781,70.781
baseline,Baseline,INTARIAN_PEPPER_ROOT,PEPPER,-1,4,8131.0,72.65195586760281,72.65195586760281
baseline,Baseline,INTARIAN_PEPPER_ROOT,PEPPER,-1,5,8392.0,74.03603603603604,74.03603603603604
baseline,Baseline,INTARIAN_PEPPER_ROOT,PEPPER,-1,6,8394.0,75.326,75.326
baseline,Baseline,INTARIAN_PEPPER_ROOT,PEPPER,-1,7,8160.0,70.71571571571572,70.71571571571572
baseline,Baseline,INTARIAN_PEPPER_ROOT,PEPPER,-1,8,8381.5,74.5935935935936,74.5935935935936
baseline,Baseline,INTARIAN_PEPPER_ROOT,PEPPER,-1,9,8088.5,74.118,74.118
baseline,Baseline,INTARIAN_PEPPER_ROOT,PEPPER,-1,10,8302.5,70.87987987987988,70.87987987987988
baseline,Baseline,INTARIAN_PEPPER_ROOT,PEPPER,0,1,7725.0,73.5250501002004,73.5250501002004
baseline,Baseline,INTARIAN_PEPPER_ROOT,PEPPER,0,2,7757.5,70.36472945891784,70.36472945891784
baseline,Baseline,INTARIAN_PEPPER_ROOT,PEPPER,0,3,7721.5,69.47595190380761,69.47595190380761
baseline,Baseline,INTARIAN_PEPPER_ROOT,PEPPER,0,4,8455.0,73.76776776776777,73.76776776776777
baseline,Baseline,INTARIAN_PEPPER_ROOT,PEPPER,0,5,8441.0,73.089,73.089
baseline,Baseline,INTARIAN_PEPPER_ROOT,PEPPER,0,6,7409.0,72.98895582329317,72.98895582329317
baseline,Baseline,INTARIAN_PEPPER_ROOT,PEPPER,0,7,8851.5,68.194,68.194
baseline,Baseline,INTARIAN_PEPPER_ROOT,PEPPER,0,8,8170.5,71.28256513026052,71.28256513026052
baseline,Baseline,INTARIAN_PEPPER_ROOT,PEPPER,0,9,8512.0,73.546,73.546
baseline,Baseline,INTARIAN_PEPPER_ROOT,PEPPER,0,10,7979.0,67.62512562814071,67.62512562814071
baseline,Baseline,INTARIAN_PEPPER_ROOT,PEPPER,1,1,7239.0,65.65195586760281,65.65195586760281
baseline,Baseline,INTARIAN_PEPPER_ROOT,PEPPER,1,2,8308.0,68.42242242242243,68.42242242242243
baseline,Baseline,INTARIAN_PEPPER_ROOT,PEPPER,1,3,7488.0,66.3923923923924,66.3923923923924
baseline,Baseline,INTARIAN_PEPPER_ROOT,PEPPER,1,4,7738.0,69.5691382765531,69.5691382765531
baseline,Baseline,INTARIAN_PEPPER_ROOT,PEPPER,1,5,8760.0,71.06513026052104,71.06513026052104
baseline,Baseline,INTARIAN_PEPPER_ROOT,PEPPER,1,6,8320.0,75.03517587939699,75.03517587939699
baseline,Baseline,INTARIAN_PEPPER_ROOT,PEPPER,1,7,7401.0,58.36436436436436,58.36436436436436
baseline,Baseline,INTARIAN_PEPPER_ROOT,PEPPER,1,8,7982.0,68.319,68.319
baseline,Baseline,INTARIAN_PEPPER_ROOT,PEPPER,1,9,8383.0,72.07,72.07
baseline,Baseline,INTARIAN_PEPPER_ROOT,PEPPER,1,10,8019.0,64.81281281281281,64.81281281281281
baseline,Baseline,TOTAL,TOTAL,-1,1,10235.0,,
baseline,Baseline,TOTAL,TOTAL,-1,2,10071.0,,
baseline,Baseline,TOTAL,TOTAL,-1,3,9725.0,,
baseline,Baseline,TOTAL,TOTAL,-1,4,10897.0,,
baseline,Baseline,TOTAL,TOTAL,-1,5,10879.0,,
baseline,Baseline,TOTAL,TOTAL,-1,6,10035.0,,
baseline,Baseline,TOTAL,TOTAL,-1,7,10584.0,,
baseline,Baseline,TOTAL,TOTAL,-1,8,10447.5,,
baseline,Baseline,TOTAL,TOTAL,-1,9,10045.5,,
baseline,Baseline,TOTAL,TOTAL,-1,10,10451.5,,
baseline,Baseline,TOTAL,TOTAL,0,1,10092.0,,
baseline,Baseline,TOTAL,TOTAL,0,2,10085.5,,
baseline,Baseline,TOTAL,TOTAL,0,3,9725.5,,
baseline,Baseline,TOTAL,TOTAL,0,4,10776.0,,
baseline,Baseline,TOTAL,TOTAL,0,5,10964.0,,
baseline,Baseline,TOTAL,TOTAL,0,6,9607.0,,
baseline,Baseline,TOTAL,TOTAL,0,7,10866.5,,
baseline,Baseline,TOTAL,TOTAL,0,8,10957.5,,
baseline,Baseline,TOTAL,TOTAL,0,9,10464.0,,
baseline,Baseline,TOTAL,TOTAL,0,10,10332.0,,
baseline,Baseline,TOTAL,TOTAL,1,1,9167.0,,
baseline,Baseline,TOTAL,TOTAL,1,2,10198.0,,
baseline,Baseline,TOTAL,TOTAL,1,3,9639.5,,
baseline,Baseline,TOTAL,TOTAL,1,4,10333.5,,
baseline,Baseline,TOTAL,TOTAL,1,5,11321.0,,
baseline,Baseline,TOTAL,TOTAL,1,6,10179.0,,
baseline,Baseline,TOTAL,TOTAL,1,7,9391.5,,
baseline,Baseline,TOTAL,TOTAL,1,8,10476.5,,
baseline,Baseline,TOTAL,TOTAL,1,9,10363.0,,
baseline,Baseline,TOTAL,TOTAL,1,10,10387.0,,
uniform_depth_125,Uniform depth +25%,ASH_COATED_OSMIUM,ASH,-1,1,2626.0,31.339679358717436,31.806613226452907
uniform_depth_125,Uniform depth +25%,ASH_COATED_OSMIUM,ASH,-1,2,2254.0,51.309309309309306,51.309309309309306
uniform_depth_125,Uniform depth +25%,ASH_COATED_OSMIUM,ASH,-1,3,2042.0,55.831,55.831
uniform_depth_125,Uniform depth +25%,ASH_COATED_OSMIUM,ASH,-1,4,2765.0,41.858575727181545,41.858575727181545
uniform_depth_125,Uniform depth +25%,ASH_COATED_OSMIUM,ASH,-1,5,2685.0,34.507,34.803
uniform_depth_125,Uniform depth +25%,ASH_COATED_OSMIUM,ASH,-1,6,1718.0,43.57630522088353,43.57630522088353
uniform_depth_125,Uniform depth +25%,ASH_COATED_OSMIUM,ASH,-1,7,2464.0,62.639,62.639
uniform_depth_125,Uniform depth +25%,ASH_COATED_OSMIUM,ASH,-1,8,2170.0,41.28256513026052,41.28256513026052
uniform_depth_125,Uniform depth +25%,ASH_COATED_OSMIUM,ASH,-1,9,2066.0,31.283567134268537,31.283567134268537
uniform_depth_125,Uniform depth +25%,ASH_COATED_OSMIUM,ASH,-1,10,2251.0,2.906906906906907,10.214214214214214
uniform_depth_125,Uniform depth +25%,ASH_COATED_OSMIUM,ASH,0,1,2493.0,25.900702106318956,26.933801404212637
uniform_depth_125,Uniform depth +25%,ASH_COATED_OSMIUM,ASH,0,2,2410.0,13.08316633266533,13.508016032064129
uniform_depth_125,Uniform depth +25%,ASH_COATED_OSMIUM,ASH,0,3,1957.0,53.386386386386384,53.386386386386384
uniform_depth_125,Uniform depth +25%,ASH_COATED_OSMIUM,ASH,0,4,2376.0,8.32865731462926,10.753507014028056
uniform_depth_125,Uniform depth +25%,ASH_COATED_OSMIUM,ASH,0,5,2577.0,-7.311311311311312,15.993993993993994
uniform_depth_125,Uniform depth +25%,ASH_COATED_OSMIUM,ASH,0,6,2289.0,12.498997995991983,14.308617234468938
uniform_depth_125,Uniform depth +25%,ASH_COATED_OSMIUM,ASH,0,7,1986.5,11.596,13.668
uniform_depth_125,Uniform depth +25%,ASH_COATED_OSMIUM,ASH,0,8,2847.5,10.326980942828486,12.264794383149448
uniform_depth_125,Uniform depth +25%,ASH_COATED_OSMIUM,ASH,0,9,2082.0,13.94188376753507,15.745490981963927
uniform_depth_125,Uniform depth +25%,ASH_COATED_OSMIUM,ASH,0,10,2512.0,-4.128,10.924
uniform_depth_125,Uniform depth +25%,ASH_COATED_OSMIUM,ASH,1,1,1985.0,15.557788944723619,21.214070351758792
uniform_depth_125,Uniform depth +25%,ASH_COATED_OSMIUM,ASH,1,2,1940.0,37.61584754262788,37.61584754262788
uniform_depth_125,Uniform depth +25%,ASH_COATED_OSMIUM,ASH,1,3,2108.0,64.58776328986961,64.58776328986961
uniform_depth_125,Uniform depth +25%,ASH_COATED_OSMIUM,ASH,1,4,2615.0,24.694388777555112,25.01503006012024
uniform_depth_125,Uniform depth +25%,ASH_COATED_OSMIUM,ASH,1,5,2652.0,10.972945891783567,16.271543086172343
uniform_depth_125,Uniform depth +25%,ASH_COATED_OSMIUM,ASH,1,6,1966.0,14.066,20.142
uniform_depth_125,Uniform depth +25%,ASH_COATED_OSMIUM,ASH,1,7,2049.5,10.051102204408817,13.582164328657315
uniform_depth_125,Uniform depth +25%,ASH_COATED_OSMIUM,ASH,1,8,2582.5,8.944889779559118,18.98496993987976
uniform_depth_125,Uniform depth +25%,ASH_COATED_OSMIUM,ASH,1,9,2089.0,10.125,10.585
uniform_depth_125,Uniform depth +25%,ASH_COATED_OSMIUM,ASH,1,10,2518.0,2.534603811434303,10.079237713139419
uniform_depth_125,Uniform depth +25%,INTARIAN_PEPPER_ROOT,PEPPER,-1,1,7794.0,73.5616850551655,73.5616850551655
uniform_depth_125,Uniform depth +25%,INTARIAN_PEPPER_ROOT,PEPPER,-1,2,7852.0,74.23169508525577,74.23169508525577
uniform_depth_125,Uniform depth +25%,INTARIAN_PEPPER_ROOT,PEPPER,-1,3,7863.0,71.926,71.926
uniform_depth_125,Uniform depth +25%,INTARIAN_PEPPER_ROOT,PEPPER,-1,4,8145.0,72.47241725175526,72.47241725175526
uniform_depth_125,Uniform depth +25%,INTARIAN_PEPPER_ROOT,PEPPER,-1,5,8230.0,72.92592592592592,72.92592592592592
uniform_depth_125,Uniform depth +25%,INTARIAN_PEPPER_ROOT,PEPPER,-1,6,8388.0,74.619,74.619
uniform_depth_125,Uniform depth +25%,INTARIAN_PEPPER_ROOT,PEPPER,-1,7,8143.0,70.1981981981982,70.1981981981982
uniform_depth_125,Uniform depth +25%,INTARIAN_PEPPER_ROOT,PEPPER,-1,8,8391.5,73.7987987987988,73.7987987987988
uniform_depth_125,Uniform depth +25%,INTARIAN_PEPPER_ROOT,PEPPER,-1,9,8083.5,73.575,73.575
uniform_depth_125,Uniform depth +25%,INTARIAN_PEPPER_ROOT,PEPPER,-1,10,8415.5,71.17317317317317,71.17317317317317
uniform_depth_125,Uniform depth +25%,INTARIAN_PEPPER_ROOT,PEPPER,0,1,7784.5,73.37975951903807,73.37975951903807
uniform_depth_125,Uniform depth +25%,INTARIAN_PEPPER_ROOT,PEPPER,0,2,7781.0,70.27254509018036,70.27254509018036
uniform_depth_125,Uniform depth +25%,INTARIAN_PEPPER_ROOT,PEPPER,0,3,7674.5,69.90180360721443,69.90180360721443
uniform_depth_125,Uniform depth +25%,INTARIAN_PEPPER_ROOT,PEPPER,0,4,8456.0,73.30630630630631,73.30630630630631
uniform_depth_125,Uniform depth +25%,INTARIAN_PEPPER_ROOT,PEPPER,0,5,8400.0,71.869,71.869
uniform_depth_125,Uniform depth +25%,INTARIAN_PEPPER_ROOT,PEPPER,0,6,7308.0,72.0160642570281,72.0160642570281
uniform_depth_125,Uniform depth +25%,INTARIAN_PEPPER_ROOT,PEPPER,0,7,8887.0,68.009,68.009
uniform_depth_125,Uniform depth +25%,INTARIAN_PEPPER_ROOT,PEPPER,0,8,8388.0,72.58216432865731,72.58216432865731
uniform_depth_125,Uniform depth +25%,INTARIAN_PEPPER_ROOT,PEPPER,0,9,8490.0,73.805,73.805
uniform_depth_125,Uniform depth +25%,INTARIAN_PEPPER_ROOT,PEPPER,0,10,8022.0,67.43316582914572,67.43316582914572
uniform_depth_125,Uniform depth +25%,INTARIAN_PEPPER_ROOT,PEPPER,1,1,7322.0,66.13440320962889,66.13440320962889
uniform_depth_125,Uniform depth +25%,INTARIAN_PEPPER_ROOT,PEPPER,1,2,8387.0,69.26326326326327,69.26326326326327
uniform_depth_125,Uniform depth +25%,INTARIAN_PEPPER_ROOT,PEPPER,1,3,7531.0,65.73273273273273,65.73273273273273
uniform_depth_125,Uniform depth +25%,INTARIAN_PEPPER_ROOT,PEPPER,1,4,7893.0,70.91182364729458,70.91182364729458
uniform_depth_125,Uniform depth +25%,INTARIAN_PEPPER_ROOT,PEPPER,1,5,8732.0,71.03807615230461,71.03807615230461
uniform_depth_125,Uniform depth +25%,INTARIAN_PEPPER_ROOT,PEPPER,1,6,8234.0,75.30050251256282,75.30050251256282
uniform_depth_125,Uniform depth +25%,INTARIAN_PEPPER_ROOT,PEPPER,1,7,7438.0,58.206206206206204,58.206206206206204
uniform_depth_125,Uniform depth +25%,INTARIAN_PEPPER_ROOT,PEPPER,1,8,8244.0,69.956,69.956
uniform_depth_125,Uniform depth +25%,INTARIAN_PEPPER_ROOT,PEPPER,1,9,8384.0,71.709,71.709
uniform_depth_125,Uniform depth +25%,INTARIAN_PEPPER_ROOT,PEPPER,1,10,7974.5,64.56756756756756,64.56756756756756
uniform_depth_125,Uniform depth +25%,TOTAL,TOTAL,-1,1,10420.0,,
uniform_depth_125,Uniform depth +25%,TOTAL,TOTAL,-1,2,10106.0,,
uniform_depth_125,Uniform depth +25%,TOTAL,TOTAL,-1,3,9905.0,,
uniform_depth_125,Uniform depth +25%,TOTAL,TOTAL,-1,4,10910.0,,
uniform_depth_125,Uniform depth +25%,TOTAL,TOTAL,-1,5,10915.0,,
uniform_depth_125,Uniform depth +25%,TOTAL,TOTAL,-1,6,10106.0,,
uniform_depth_125,Uniform depth +25%,TOTAL,TOTAL,-1,7,10607.0,,
uniform_depth_125,Uniform depth +25%,TOTAL,TOTAL,-1,8,10561.5,,
uniform_depth_125,Uniform depth +25%,TOTAL,TOTAL,-1,9,10149.5,,
uniform_depth_125,Uniform depth +25%,TOTAL,TOTAL,-1,10,10666.5,,
uniform_depth_125,Uniform depth +25%,TOTAL,TOTAL,0,1,10277.5,,
uniform_depth_125,Uniform depth +25%,TOTAL,TOTAL,0,2,10191.0,,
uniform_depth_125,Uniform depth +25%,TOTAL,TOTAL,0,3,9631.5,,
uniform_depth_125,Uniform depth +25%,TOTAL,TOTAL,0,4,10832.0,,
uniform_depth_125,Uniform depth +25%,TOTAL,TOTAL,0,5,10977.0,,
uniform_depth_125,Uniform depth +25%,TOTAL,TOTAL,0,6,9597.0,,
uniform_depth_125,Uniform depth +25%,TOTAL,TOTAL,0,7,10873.5,,
uniform_depth_125,Uniform depth +25%,TOTAL,TOTAL,0,8,11235.5,,
uniform_depth_125,Uniform depth +25%,TOTAL,TOTAL,0,9,10572.0,,
uniform_depth_125,Uniform depth +25%,TOTAL,TOTAL,0,10,10534.0,,
uniform_depth_125,Uniform depth +25%,TOTAL,TOTAL,1,1,9307.0,,
uniform_depth_125,Uniform depth +25%,TOTAL,TOTAL,1,2,10327.0,,
uniform_depth_125,Uniform depth +25%,TOTAL,TOTAL,1,3,9639.0,,
uniform_depth_125,Uniform depth +25%,TOTAL,TOTAL,1,4,10508.0,,
uniform_depth_125,Uniform depth +25%,TOTAL,TOTAL,1,5,11384.0,,
uniform_depth_125,Uniform depth +25%,TOTAL,TOTAL,1,6,10200.0,,
uniform_depth_125,Uniform depth +25%,TOTAL,TOTAL,1,7,9487.5,,
uniform_depth_125,Uniform depth +25%,TOTAL,TOTAL,1,8,10826.5,,
uniform_depth_125,Uniform depth +25%,TOTAL,TOTAL,1,9,10473.0,,
uniform_depth_125,Uniform depth +25%,TOTAL,TOTAL,1,10,10492.5,,
front_bias_depth_25,Front-biased depth +25%,ASH_COATED_OSMIUM,ASH,-1,1,2750.0,35.60320641282565,36.29258517034068
front_bias_depth_25,Front-biased depth +25%,ASH_COATED_OSMIUM,ASH,-1,2,2290.0,58.63563563563564,58.63563563563564
front_bias_depth_25,Front-biased depth +25%,ASH_COATED_OSMIUM,ASH,-1,3,2130.0,52.547,52.547
front_bias_depth_25,Front-biased depth +25%,ASH_COATED_OSMIUM,ASH,-1,4,2765.0,36.84553660982949,36.84553660982949
front_bias_depth_25,Front-biased depth +25%,ASH_COATED_OSMIUM,ASH,-1,5,2798.0,28.291,29.457
front_bias_depth_25,Front-biased depth +25%,ASH_COATED_OSMIUM,ASH,-1,6,1785.0,37.12951807228916,37.12951807228916
front_bias_depth_25,Front-biased depth +25%,ASH_COATED_OSMIUM,ASH,-1,7,2474.0,59.93,59.93
front_bias_depth_25,Front-biased depth +25%,ASH_COATED_OSMIUM,ASH,-1,8,2257.0,37.05511022044088,37.05511022044088
front_bias_depth_25,Front-biased depth +25%,ASH_COATED_OSMIUM,ASH,-1,9,2150.0,33.065130260521045,33.065130260521045
front_bias_depth_25,Front-biased depth +25%,ASH_COATED_OSMIUM,ASH,-1,10,2322.0,2.881881881881882,11.508508508508509
front_bias_depth_25,Front-biased depth +25%,ASH_COATED_OSMIUM,ASH,0,1,2616.0,29.204613841524573,30.55466399197593
front_bias_depth_25,Front-biased depth +25%,ASH_COATED_OSMIUM,ASH,0,2,2477.0,15.937875751503006,16.01002004008016
front_bias_depth_25,Front-biased depth +25%,ASH_COATED_OSMIUM,ASH,0,3,1922.0,51.370370370370374,51.370370370370374
front_bias_depth_25,Front-biased depth +25%,ASH_COATED_OSMIUM,ASH,0,4,2429.0,4.307615230460922,8.972945891783567
front_bias_depth_25,Front-biased depth +25%,ASH_COATED_OSMIUM,ASH,0,5,2588.0,-5.2592592592592595,17.35135135135135
front_bias_depth_25,Front-biased depth +25%,ASH_COATED_OSMIUM,ASH,0,6,2406.5,14.960921843687375,16.45791583166333
front_bias_depth_25,Front-biased depth +25%,ASH_COATED_OSMIUM,ASH,0,7,1944.5,18.194,18.752
front_bias_depth_25,Front-biased depth +25%,ASH_COATED_OSMIUM,ASH,0,8,2938.0,14.269809428284855,14.8876629889669
front_bias_depth_25,Front-biased depth +25%,ASH_COATED_OSMIUM,ASH,0,9,2169.0,21.062124248496993,21.392785571142284
front_bias_depth_25,Front-biased depth +25%,ASH_COATED_OSMIUM,ASH,0,10,2676.0,-3.261,13.051
front_bias_depth_25,Front-biased depth +25%,ASH_COATED_OSMIUM,ASH,1,1,1998.0,15.595979899497488,22.922613065326633
front_bias_depth_25,Front-biased depth +25%,ASH_COATED_OSMIUM,ASH,1,2,2006.0,38.17352056168505,38.17352056168505
front_bias_depth_25,Front-biased depth +25%,ASH_COATED_OSMIUM,ASH,1,3,2156.0,63.62788365095286,63.62788365095286
front_bias_depth_25,Front-biased depth +25%,ASH_COATED_OSMIUM,ASH,1,4,2675.0,20.746492985971944,22.54609218436874
front_bias_depth_25,Front-biased depth +25%,ASH_COATED_OSMIUM,ASH,1,5,2742.0,10.233466933867735,17.09118236472946
front_bias_depth_25,Front-biased depth +25%,ASH_COATED_OSMIUM,ASH,1,6,1969.0,6.998,22.854
front_bias_depth_25,Front-biased depth +25%,ASH_COATED_OSMIUM,ASH,1,7,2134.5,4.632264529058117,12.123246492985972
front_bias_depth_25,Front-biased depth +25%,ASH_COATED_OSMIUM,ASH,1,8,2675.5,6.744488977955911,20.31362725450902
front_bias_depth_25,Front-biased depth +25%,ASH_COATED_OSMIUM,ASH,1,9,2183.0,13.687,13.831
front_bias_depth_25,Front-biased depth +25%,ASH_COATED_OSMIUM,ASH,1,10,2608.0,4.926780341023069,12.38716148445336
front_bias_depth_25,Front-biased depth +25%,INTARIAN_PEPPER_ROOT,PEPPER,-1,1,7925.0,73.67101303911735,73.67101303911735
front_bias_depth_25,Front-biased depth +25%,INTARIAN_PEPPER_ROOT,PEPPER,-1,2,7828.0,74.21464393179538,74.21464393179538
front_bias_depth_25,Front-biased depth +25%,INTARIAN_PEPPER_ROOT,PEPPER,-1,3,7830.0,71.413,71.413
front_bias_depth_25,Front-biased depth +25%,INTARIAN_PEPPER_ROOT,PEPPER,-1,4,8141.0,71.73019057171514,71.73019057171514
front_bias_depth_25,Front-biased depth +25%,INTARIAN_PEPPER_ROOT,PEPPER,-1,5,8273.0,72.83083083083083,72.83083083083083
front_bias_depth_25,Front-biased depth +25%,INTARIAN_PEPPER_ROOT,PEPPER,-1,6,8352.0,74.042,74.042
front_bias_depth_25,Front-biased depth +25%,INTARIAN_PEPPER_ROOT,PEPPER,-1,7,8090.0,69.50550550550551,69.50550550550551
front_bias_depth_25,Front-biased depth +25%,INTARIAN_PEPPER_ROOT,PEPPER,-1,8,8365.5,72.92992992992993,72.92992992992993
front_bias_depth_25,Front-biased depth +25%,INTARIAN_PEPPER_ROOT,PEPPER,-1,9,8001.5,74.321,74.321
front_bias_depth_25,Front-biased depth +25%,INTARIAN_PEPPER_ROOT,PEPPER,-1,10,8441.0,70.74074074074075,70.74074074074075
front_bias_depth_25,Front-biased depth +25%,INTARIAN_PEPPER_ROOT,PEPPER,0,1,7798.5,74.07515030060121,74.07515030060121
front_bias_depth_25,Front-biased depth +25%,INTARIAN_PEPPER_ROOT,PEPPER,0,2,7684.0,68.41382765531063,68.41382765531063
front_bias_depth_25,Front-biased depth +25%,INTARIAN_PEPPER_ROOT,PEPPER,0,3,7679.5,69.84769539078157,69.84769539078157
front_bias_depth_25,Front-biased depth +25%,INTARIAN_PEPPER_ROOT,PEPPER,0,4,8454.0,72.92592592592592,72.92592592592592
front_bias_depth_25,Front-biased depth +25%,INTARIAN_PEPPER_ROOT,PEPPER,0,5,8330.0,70.6,70.6
front_bias_depth_25,Front-biased depth +25%,INTARIAN_PEPPER_ROOT,PEPPER,0,6,7262.0,71.61847389558233,71.61847389558233
front_bias_depth_25,Front-biased depth +25%,INTARIAN_PEPPER_ROOT,PEPPER,0,7,8862.0,67.387,67.387
front_bias_depth_25,Front-biased depth +25%,INTARIAN_PEPPER_ROOT,PEPPER,0,8,8423.0,72.26753507014028,72.26753507014028
front_bias_depth_25,Front-biased depth +25%,INTARIAN_PEPPER_ROOT,PEPPER,0,9,8511.0,73.247,73.247
front_bias_depth_25,Front-biased depth +25%,INTARIAN_PEPPER_ROOT,PEPPER,0,10,8020.0,66.32864321608041,66.32864321608041
front_bias_depth_25,Front-biased depth +25%,INTARIAN_PEPPER_ROOT,PEPPER,1,1,7339.0,66.58375125376128,66.58375125376128
front_bias_depth_25,Front-biased depth +25%,INTARIAN_PEPPER_ROOT,PEPPER,1,2,8414.0,68.28128128128128,68.28128128128128
front_bias_depth_25,Front-biased depth +25%,INTARIAN_PEPPER_ROOT,PEPPER,1,3,7544.0,64.6106106106106,64.6106106106106
front_bias_depth_25,Front-biased depth +25%,INTARIAN_PEPPER_ROOT,PEPPER,1,4,7798.0,69.44589178356713,69.44589178356713
front_bias_depth_25,Front-biased depth +25%,INTARIAN_PEPPER_ROOT,PEPPER,1,5,8664.0,71.39178356713427,71.39178356713427
front_bias_depth_25,Front-biased depth +25%,INTARIAN_PEPPER_ROOT,PEPPER,1,6,8199.0,74.75879396984925,74.75879396984925
front_bias_depth_25,Front-biased depth +25%,INTARIAN_PEPPER_ROOT,PEPPER,1,7,7822.0,61.45645645645646,61.45645645645646
front_bias_depth_25,Front-biased depth +25%,INTARIAN_PEPPER_ROOT,PEPPER,1,8,8158.0,68.393,68.393
front_bias_depth_25,Front-biased depth +25%,INTARIAN_PEPPER_ROOT,PEPPER,1,9,8348.0,70.968,70.968
front_bias_depth_25,Front-biased depth +25%,INTARIAN_PEPPER_ROOT,PEPPER,1,10,7935.0,64.53353353353353,64.53353353353353
front_bias_depth_25,Front-biased depth +25%,TOTAL,TOTAL,-1,1,10675.0,,
front_bias_depth_25,Front-biased depth +25%,TOTAL,TOTAL,-1,2,10118.0,,
front_bias_depth_25,Front-biased depth +25%,TOTAL,TOTAL,-1,3,9960.0,,
front_bias_depth_25,Front-biased depth +25%,TOTAL,TOTAL,-1,4,10906.0,,
front_bias_depth_25,Front-biased depth +25%,TOTAL,TOTAL,-1,5,11071.0,,
front_bias_depth_25,Front-biased depth +25%,TOTAL,TOTAL,-1,6,10137.0,,
front_bias_depth_25,Front-biased depth +25%,TOTAL,TOTAL,-1,7,10564.0,,
front_bias_depth_25,Front-biased depth +25%,TOTAL,TOTAL,-1,8,10622.5,,
front_bias_depth_25,Front-biased depth +25%,TOTAL,TOTAL,-1,9,10151.5,,
front_bias_depth_25,Front-biased depth +25%,TOTAL,TOTAL,-1,10,10763.0,,
front_bias_depth_25,Front-biased depth +25%,TOTAL,TOTAL,0,1,10414.5,,
front_bias_depth_25,Front-biased depth +25%,TOTAL,TOTAL,0,2,10161.0,,
front_bias_depth_25,Front-biased depth +25%,TOTAL,TOTAL,0,3,9601.5,,
front_bias_depth_25,Front-biased depth +25%,TOTAL,TOTAL,0,4,10883.0,,
front_bias_depth_25,Front-biased depth +25%,TOTAL,TOTAL,0,5,10918.0,,
front_bias_depth_25,Front-biased depth +25%,TOTAL,TOTAL,0,6,9668.5,,
front_bias_depth_25,Front-biased depth +25%,TOTAL,TOTAL,0,7,10806.5,,
front_bias_depth_25,Front-biased depth +25%,TOTAL,TOTAL,0,8,11361.0,,
front_bias_depth_25,Front-biased depth +25%,TOTAL,TOTAL,0,9,10680.0,,
front_bias_depth_25,Front-biased depth +25%,TOTAL,TOTAL,0,10,10696.0,,
front_bias_depth_25,Front-biased depth +25%,TOTAL,TOTAL,1,1,9337.0,,
front_bias_depth_25,Front-biased depth +25%,TOTAL,TOTAL,1,2,10420.0,,
front_bias_depth_25,Front-biased depth +25%,TOTAL,TOTAL,1,3,9700.0,,
front_bias_depth_25,Front-biased depth +25%,TOTAL,TOTAL,1,4,10473.0,,
front_bias_depth_25,Front-biased depth +25%,TOTAL,TOTAL,1,5,11406.0,,
front_bias_depth_25,Front-biased depth +25%,TOTAL,TOTAL,1,6,10168.0,,
front_bias_depth_25,Front-biased depth +25%,TOTAL,TOTAL,1,7,9956.5,,
front_bias_depth_25,Front-biased depth +25%,TOTAL,TOTAL,1,8,10833.5,,
front_bias_depth_25,Front-biased depth +25%,TOTAL,TOTAL,1,9,10531.0,,
front_bias_depth_25,Front-biased depth +25%,TOTAL,TOTAL,1,10,10543.0,,
uniform_depth_trade_125,Depth +25% + trades +25%,ASH_COATED_OSMIUM,ASH,-1,1,3123.0,33.77555110220441,33.96993987975952
uniform_depth_trade_125,Depth +25% + trades +25%,ASH_COATED_OSMIUM,ASH,-1,2,2651.0,53.805805805805804,53.805805805805804
uniform_depth_trade_125,Depth +25% + trades +25%,ASH_COATED_OSMIUM,ASH,-1,3,2440.0,53.624,53.624
uniform_depth_trade_125,Depth +25% + trades +25%,ASH_COATED_OSMIUM,ASH,-1,4,3250.0,38.55967903711134,38.684052156469406
uniform_depth_trade_125,Depth +25% + trades +25%,ASH_COATED_OSMIUM,ASH,-1,5,3302.0,34.446,35.02
uniform_depth_trade_125,Depth +25% + trades +25%,ASH_COATED_OSMIUM,ASH,-1,6,2035.0,49.0140562248996,49.0140562248996
uniform_depth_trade_125,Depth +25% + trades +25%,ASH_COATED_OSMIUM,ASH,-1,7,2908.0,63.315,63.315
uniform_depth_trade_125,Depth +25% + trades +25%,ASH_COATED_OSMIUM,ASH,-1,8,2767.0,38.56613226452906,38.56613226452906
uniform_depth_trade_125,Depth +25% + trades +25%,ASH_COATED_OSMIUM,ASH,-1,9,2392.0,19.399799599198396,19.54208416833667
uniform_depth_trade_125,Depth +25% + trades +25%,ASH_COATED_OSMIUM,ASH,-1,10,2726.0,1.7037037037037037,10.284284284284285
uniform_depth_trade_125,Depth +25% + trades +25%,ASH_COATED_OSMIUM,ASH,0,1,2955.0,28.21063189568706,29.005015045135405
uniform_depth_trade_125,Depth +25% + trades +25%,ASH_COATED_OSMIUM,ASH,0,2,2880.0,14.854709418837675,15.495991983967937
uniform_depth_trade_125,Depth +25% + trades +25%,ASH_COATED_OSMIUM,ASH,0,3,2159.0,51.73973973973974,51.73973973973974
uniform_depth_trade_125,Depth +25% + trades +25%,ASH_COATED_OSMIUM,ASH,0,4,2917.0,2.849699398797595,9.468937875751504
uniform_depth_trade_125,Depth +25% + trades +25%,ASH_COATED_OSMIUM,ASH,0,5,3229.0,-9.154154154154154,18.205205205205207
uniform_depth_trade_125,Depth +25% + trades +25%,ASH_COATED_OSMIUM,ASH,0,6,2714.5,13.750501002004007,16.35571142284569
uniform_depth_trade_125,Depth +25% + trades +25%,ASH_COATED_OSMIUM,ASH,0,7,2511.0,8.929,14.451
uniform_depth_trade_125,Depth +25% + trades +25%,ASH_COATED_OSMIUM,ASH,0,8,3446.5,12.060180541624874,14.377131394182548
uniform_depth_trade_125,Depth +25% + trades +25%,ASH_COATED_OSMIUM,ASH,0,9,2431.0,10.08316633266533,14.950901803607215
uniform_depth_trade_125,Depth +25% + trades +25%,ASH_COATED_OSMIUM,ASH,0,10,2916.0,-8.54,13.614
uniform_depth_trade_125,Depth +25% + trades +25%,ASH_COATED_OSMIUM,ASH,1,1,2414.0,17.87437185929648,22.79497487437186
uniform_depth_trade_125,Depth +25% + trades +25%,ASH_COATED_OSMIUM,ASH,1,2,2338.0,37.39418254764293,37.39418254764293
uniform_depth_trade_125,Depth +25% + trades +25%,ASH_COATED_OSMIUM,ASH,1,3,2532.5,61.75727181544634,61.75727181544634
uniform_depth_trade_125,Depth +25% + trades +25%,ASH_COATED_OSMIUM,ASH,1,4,3085.5,17.5561122244489,18.85871743486974
uniform_depth_trade_125,Depth +25% + trades +25%,ASH_COATED_OSMIUM,ASH,1,5,3233.0,11.363727454909819,18.772545090180362
uniform_depth_trade_125,Depth +25% + trades +25%,ASH_COATED_OSMIUM,ASH,1,6,2312.0,17.526,22.996
uniform_depth_trade_125,Depth +25% + trades +25%,ASH_COATED_OSMIUM,ASH,1,7,2408.0,7.312625250501002,13.472945891783567
uniform_depth_trade_125,Depth +25% + trades +25%,ASH_COATED_OSMIUM,ASH,1,8,3120.0,10.628256513026052,20.750501002004007
uniform_depth_trade_125,Depth +25% + trades +25%,ASH_COATED_OSMIUM,ASH,1,9,2465.0,8.577,10.461
uniform_depth_trade_125,Depth +25% + trades +25%,ASH_COATED_OSMIUM,ASH,1,10,2947.0,1.254764292878636,10.414242728184554
uniform_depth_trade_125,Depth +25% + trades +25%,INTARIAN_PEPPER_ROOT,PEPPER,-1,1,7893.0,72.79237713139418,72.79237713139418
uniform_depth_trade_125,Depth +25% + trades +25%,INTARIAN_PEPPER_ROOT,PEPPER,-1,2,7881.0,73.66499498495486,73.66499498495486
uniform_depth_trade_125,Depth +25% + trades +25%,INTARIAN_PEPPER_ROOT,PEPPER,-1,3,7887.0,70.723,70.723
uniform_depth_trade_125,Depth +25% + trades +25%,INTARIAN_PEPPER_ROOT,PEPPER,-1,4,8274.0,71.5667001003009,71.5667001003009
uniform_depth_trade_125,Depth +25% + trades +25%,INTARIAN_PEPPER_ROOT,PEPPER,-1,5,8398.0,72.96396396396396,72.96396396396396
uniform_depth_trade_125,Depth +25% + trades +25%,INTARIAN_PEPPER_ROOT,PEPPER,-1,6,8557.0,74.545,74.545
uniform_depth_trade_125,Depth +25% + trades +25%,INTARIAN_PEPPER_ROOT,PEPPER,-1,7,8222.0,68.78878878878879,68.78878878878879
uniform_depth_trade_125,Depth +25% + trades +25%,INTARIAN_PEPPER_ROOT,PEPPER,-1,8,8450.0,72.85985985985985,72.85985985985985
uniform_depth_trade_125,Depth +25% + trades +25%,INTARIAN_PEPPER_ROOT,PEPPER,-1,9,8215.0,73.352,73.352
uniform_depth_trade_125,Depth +25% + trades +25%,INTARIAN_PEPPER_ROOT,PEPPER,-1,10,8414.5,69.11211211211211,69.11211211211211
uniform_depth_trade_125,Depth +25% + trades +25%,INTARIAN_PEPPER_ROOT,PEPPER,0,1,7873.5,72.91783567134269,72.91783567134269
uniform_depth_trade_125,Depth +25% + trades +25%,INTARIAN_PEPPER_ROOT,PEPPER,0,2,7662.5,68.12224448897796,68.12224448897796
uniform_depth_trade_125,Depth +25% + trades +25%,INTARIAN_PEPPER_ROOT,PEPPER,0,3,7691.0,69.05511022044088,69.05511022044088
uniform_depth_trade_125,Depth +25% + trades +25%,INTARIAN_PEPPER_ROOT,PEPPER,0,4,8593.0,72.07407407407408,72.07407407407408
uniform_depth_trade_125,Depth +25% + trades +25%,INTARIAN_PEPPER_ROOT,PEPPER,0,5,8704.0,72.883,72.883
uniform_depth_trade_125,Depth +25% + trades +25%,INTARIAN_PEPPER_ROOT,PEPPER,0,6,7479.0,72.13052208835342,72.13052208835342
uniform_depth_trade_125,Depth +25% + trades +25%,INTARIAN_PEPPER_ROOT,PEPPER,0,7,8980.0,66.234,66.234
uniform_depth_trade_125,Depth +25% + trades +25%,INTARIAN_PEPPER_ROOT,PEPPER,0,8,8180.0,69.42885771543087,69.42885771543087
uniform_depth_trade_125,Depth +25% + trades +25%,INTARIAN_PEPPER_ROOT,PEPPER,0,9,8565.0,73.244,73.244
uniform_depth_trade_125,Depth +25% + trades +25%,INTARIAN_PEPPER_ROOT,PEPPER,0,10,8193.0,66.54874371859296,66.54874371859296
uniform_depth_trade_125,Depth +25% + trades +25%,INTARIAN_PEPPER_ROOT,PEPPER,1,1,7338.0,66.17151454363089,66.17151454363089
uniform_depth_trade_125,Depth +25% + trades +25%,INTARIAN_PEPPER_ROOT,PEPPER,1,2,8389.0,67.62762762762763,67.62762762762763
uniform_depth_trade_125,Depth +25% + trades +25%,INTARIAN_PEPPER_ROOT,PEPPER,1,3,7476.0,62.728728728728726,62.728728728728726
uniform_depth_trade_125,Depth +25% + trades +25%,INTARIAN_PEPPER_ROOT,PEPPER,1,4,8023.0,69.93286573146293,69.93286573146293
uniform_depth_trade_125,Depth +25% + trades +25%,INTARIAN_PEPPER_ROOT,PEPPER,1,5,9073.0,72.38076152304609,72.38076152304609
uniform_depth_trade_125,Depth +25% + trades +25%,INTARIAN_PEPPER_ROOT,PEPPER,1,6,8433.0,75.17688442211055,75.17688442211055
uniform_depth_trade_125,Depth +25% + trades +25%,INTARIAN_PEPPER_ROOT,PEPPER,1,7,7873.0,59.36536536536536,59.36536536536536
uniform_depth_trade_125,Depth +25% + trades +25%,INTARIAN_PEPPER_ROOT,PEPPER,1,8,8236.0,67.769,67.769
uniform_depth_trade_125,Depth +25% + trades +25%,INTARIAN_PEPPER_ROOT,PEPPER,1,9,8541.0,69.94,69.94
uniform_depth_trade_125,Depth +25% + trades +25%,INTARIAN_PEPPER_ROOT,PEPPER,1,10,8085.5,64.66966966966967,64.66966966966967
uniform_depth_trade_125,Depth +25% + trades +25%,TOTAL,TOTAL,-1,1,11016.0,,
uniform_depth_trade_125,Depth +25% + trades +25%,TOTAL,TOTAL,-1,2,10532.0,,
uniform_depth_trade_125,Depth +25% + trades +25%,TOTAL,TOTAL,-1,3,10327.0,,
uniform_depth_trade_125,Depth +25% + trades +25%,TOTAL,TOTAL,-1,4,11524.0,,
uniform_depth_trade_125,Depth +25% + trades +25%,TOTAL,TOTAL,-1,5,11700.0,,
uniform_depth_trade_125,Depth +25% + trades +25%,TOTAL,TOTAL,-1,6,10592.0,,
uniform_depth_trade_125,Depth +25% + trades +25%,TOTAL,TOTAL,-1,7,11130.0,,
uniform_depth_trade_125,Depth +25% + trades +25%,TOTAL,TOTAL,-1,8,11217.0,,
uniform_depth_trade_125,Depth +25% + trades +25%,TOTAL,TOTAL,-1,9,10607.0,,
uniform_depth_trade_125,Depth +25% + trades +25%,TOTAL,TOTAL,-1,10,11140.5,,
uniform_depth_trade_125,Depth +25% + trades +25%,TOTAL,TOTAL,0,1,10828.5,,
uniform_depth_trade_125,Depth +25% + trades +25%,TOTAL,TOTAL,0,2,10542.5,,
uniform_depth_trade_125,Depth +25% + trades +25%,TOTAL,TOTAL,0,3,9850.0,,
uniform_depth_trade_125,Depth +25% + trades +25%,TOTAL,TOTAL,0,4,11510.0,,
uniform_depth_trade_125,Depth +25% + trades +25%,TOTAL,TOTAL,0,5,11933.0,,
uniform_depth_trade_125,Depth +25% + trades +25%,TOTAL,TOTAL,0,6,10193.5,,
uniform_depth_trade_125,Depth +25% + trades +25%,TOTAL,TOTAL,0,7,11491.0,,
uniform_depth_trade_125,Depth +25% + trades +25%,TOTAL,TOTAL,0,8,11626.5,,
uniform_depth_trade_125,Depth +25% + trades +25%,TOTAL,TOTAL,0,9,10996.0,,
uniform_depth_trade_125,Depth +25% + trades +25%,TOTAL,TOTAL,0,10,11109.0,,
uniform_depth_trade_125,Depth +25% + trades +25%,TOTAL,TOTAL,1,1,9752.0,,
uniform_depth_trade_125,Depth +25% + trades +25%,TOTAL,TOTAL,1,2,10727.0,,
uniform_depth_trade_125,Depth +25% + trades +25%,TOTAL,TOTAL,1,3,10008.5,,
uniform_depth_trade_125,Depth +25% + trades +25%,TOTAL,TOTAL,1,4,11108.5,,
uniform_depth_trade_125,Depth +25% + trades +25%,TOTAL,TOTAL,1,5,12306.0,,
uniform_depth_trade_125,Depth +25% + trades +25%,TOTAL,TOTAL,1,6,10745.0,,
uniform_depth_trade_125,Depth +25% + trades +25%,TOTAL,TOTAL,1,7,10281.0,,
uniform_depth_trade_125,Depth +25% + trades +25%,TOTAL,TOTAL,1,8,11356.0,,
uniform_depth_trade_125,Depth +25% + trades +25%,TOTAL,TOTAL,1,9,11006.0,,
uniform_depth_trade_125,Depth +25% + trades +25%,TOTAL,TOTAL,1,10,11032.5,,
